phenotype,phenotype_id,data_sources,primary_care,secondary_care
Alcoholic liver disease,Dx2rRinjMdDgRFjZEJYUh7,Clinical Practice Research Datalink GOLD; Hospital Episode Statistics APC for CPRD GOLD,kuan_liver_alc_Dx2rRinjMdDgRFjZEJYUh7_Read2.csv,kuan_liver_alc_Dx2rRinjMdDgRFjZEJYUh7_ICD10.csv
Chronic Kidney Disease (CKD),XmYuru73YF4EeRppjSAwsP,,[],carr_ckd_XmYuru73YF4EeRppjSAwsP_SNOMEDCT.csv
Myocardial infarction,LG5FyDnaomHyfeNNKPx92J,Clinical Practice Research Datalink GOLD; Hospital Episode Statistics APC for CPRD GOLD,kuan_myocardial_infarction_LG5FyDnaomHyfeNNKPx92J_Read2.csv,kuan_myocardial_infarction_LG5FyDnaomHyfeNNKPx92J_ICD10.csv
Autoimmune liver disease,EhCfQgUPWeWexfdZ8VQUby,Clinical Practice Research Datalink GOLD; Hospital Episode Statistics APC for CPRD GOLD,kuan_autoimm_liver_EhCfQgUPWeWexfdZ8VQUby_Read2.csv,kuan_autoimm_liver_EhCfQgUPWeWexfdZ8VQUby_ICD10.csv
Retinal vascular occlusions,7XyRMcnzw5RafSkpB6Gkhg,Clinical Practice Research Datalink GOLD; Hospital Episode Statistics APC for CPRD GOLD,kuan_retinal_vasc_occl_7XyRMcnzw5RafSkpB6Gkhg_Read2.csv,kuan_retinal_vasc_occl_7XyRMcnzw5RafSkpB6Gkhg_ICD10.csv
Primary Malignancy_Thyroid,ZT3puKFh9Kc4i8hjwJCgJT,Clinical Practice Research Datalink GOLD; Hospital Episode Statistics APC for CPRD GOLD,kuan_pri_thyroid_ZT3puKFh9Kc4i8hjwJCgJT_Read2.csv,kuan_pri_thyroid_ZT3puKFh9Kc4i8hjwJCgJT_ICD10.csv
Raised Triglycerides,fRXAxzUnDFksYJ8YB2WDn6,,[],[]
HDL Cholesterol,NojLofAabaBVkaaLh6MCeH,Clinical Practice Research Datalink GOLD,shah_hdl_cholesterol_plasma_NojLofAabaBVkaaLh6MCeH_Read2.csv; shah_hdl_cholesterol_serum_NojLofAabaBVkaaLh6MCeH_Read2,[]
Other Cardiomyopathy,L9Vd69SHmNTPEVacrtJdby,Clinical Practice Research Datalink GOLD; Hospital Episode Statistics APC for CPRD GOLD,kuan_cardiomyo_oth_L9Vd69SHmNTPEVacrtJdby_Read2.csv,kuan_cardiomyo_oth_L9Vd69SHmNTPEVacrtJdby_ICD10.csv
Infection of male genital system,jEazMqmT4jcYc2wcbQgvkE,Hospital Episode Statistics APC for CPRD GOLD,[],kuan_male_GU_jEazMqmT4jcYc2wcbQgvkE_ICD10.csv
Agranulocytosis,n6BbN4xqnikRVdAqPZeCiV,Clinical Practice Research Datalink GOLD; Hospital Episode Statistics APC for CPRD GOLD,kuan_agranulocytosis_n6BbN4xqnikRVdAqPZeCiV_Read2.csv,kuan_agranulocytosis_n6BbN4xqnikRVdAqPZeCiV_ICD10.csv
Primary Malignancy_Bone and articular cartilage,QLjNYKgxeNtawoP8gL7Lhd,Clinical Practice Research Datalink GOLD; Hospital Episode Statistics APC for CPRD GOLD,kuan_pri_bone_QLjNYKgxeNtawoP8gL7Lhd_Read2.csv,kuan_pri_bone_QLjNYKgxeNtawoP8gL7Lhd_ICD10.csv
Obesity,GSbMFsCZ8omuKiyKmKkzCy,Clinical Practice Research Datalink GOLD; Hospital Episode Statistics APC for CPRD GOLD,kuan_obesity_GSbMFsCZ8omuKiyKmKkzCy_Read2.csv,kuan_obesity_GSbMFsCZ8omuKiyKmKkzCy_ICD10.csv
Peritonitis,7Y4ue6SQxc3UnfZPSpk6ra,Clinical Practice Research Datalink GOLD; Hospital Episode Statistics APC for CPRD GOLD,kuan_peritonitis_7Y4ue6SQxc3UnfZPSpk6ra_Read2.csv,kuan_peritonitis_7Y4ue6SQxc3UnfZPSpk6ra_ICD10.csv; kuan_peritonitis_7Y4ue6SQxc3UnfZPSpk6ra_OPCS4.csv
Keratitis,4gcKUGGueUCemht3RcUrfH,Clinical Practice Research Datalink GOLD; Hospital Episode Statistics APC for CPRD GOLD,kuan_keratitis_4gcKUGGueUCemht3RcUrfH_Read2.csv,kuan_keratitis_4gcKUGGueUCemht3RcUrfH_ICD10.csv
Anaphylaxis,AasR59AE9SxUcqFjgLNGDj,Hospital Episode Statistics Admitted Patient Care,cardoso_anaphylaxis_AasR59AE9SxUcqFjgLNGDj_Read2.csv,cardoso_anaphylaxis_AasR59AE9SxUcqFjgLNGDj_ICD10.csv
Respiratory failure,FucDueZ9X5U3QkLYSMRXuX,Clinical Practice Research Datalink GOLD; Hospital Episode Statistics APC for CPRD GOLD,kuan_resp_failure_FucDueZ9X5U3QkLYSMRXuX_Read2.csv,kuan_resp_failure_FucDueZ9X5U3QkLYSMRXuX_ICD10.csv
Intrauterine hypoxia,4TpFkcXxu9AcbCdcnTuLm2,Clinical Practice Research Datalink GOLD; Hospital Episode Statistics APC for CPRD GOLD,kuan_intrauterine_hypoxia_4TpFkcXxu9AcbCdcnTuLm2_Read2.csv,kuan_intrauterine_hypoxia_4TpFkcXxu9AcbCdcnTuLm2_ICD10.csv
"Primary Malignancy_Brain, Other CNS and Intracranial",mgSHvmncfQKgDg6E4giQyx,Clinical Practice Research Datalink GOLD; Hospital Episode Statistics APC for CPRD GOLD,kuan_pri_brain_mgSHvmncfQKgDg6E4giQyx_Read2.csv,kuan_pri_brain_mgSHvmncfQKgDg6E4giQyx_ICD10.csv
Psoriasis,EDjoSA4NeEFoAonfH4agk4,Clinical Practice Research Datalink GOLD; Hospital Episode Statistics APC for CPRD GOLD,kuan_psoriasis_EDjoSA4NeEFoAonfH4agk4_Read2.csv,kuan_psoriasis_EDjoSA4NeEFoAonfH4agk4_ICD10.csv
Secondary or other Thrombocytopaenia,f5FuMcav9uFcEjkbZ5JtG4,Clinical Practice Research Datalink GOLD; Hospital Episode Statistics APC for CPRD GOLD,kuan_sec_oth_thrombocytopaenia_f5FuMcav9uFcEjkbZ5JtG4_Read2.csv,kuan_sec_oth_thrombocytopaenia_f5FuMcav9uFcEjkbZ5JtG4_ICD10.csv
Barrett's oesophagus,9f7dZtMQKkSHuWQf4gttUu,Clinical Practice Research Datalink GOLD; Hospital Episode Statistics APC for CPRD GOLD,kuan_barretts_9f7dZtMQKkSHuWQf4gttUu_Read2.csv,kuan_barretts_9f7dZtMQKkSHuWQf4gttUu_ICD10.csv
Folate deficiency anaemia,FPLoVUa2GzovLpzcPkMLfk,Clinical Practice Research Datalink GOLD; Hospital Episode Statistics APC for CPRD GOLD,kuan_folatedef_FPLoVUa2GzovLpzcPkMLfk_Read2.csv,kuan_folatedef_FPLoVUa2GzovLpzcPkMLfk_ICD10.csv
Glaucoma,9vFCEuU9tBZji8yHf4U7hH,Clinical Practice Research Datalink GOLD; Hospital Episode Statistics APC for CPRD GOLD,kuan_glaucoma_9vFCEuU9tBZji8yHf4U7hH_Read2.csv,kuan_glaucoma_9vFCEuU9tBZji8yHf4U7hH_ICD10.csv; kuan_glaucoma_9vFCEuU9tBZji8yHf4U7hH_OPCS4.csv
Sleep apnoea,AfzQ2jdRKumSy8qtBSeRXQ,Clinical Practice Research Datalink GOLD; Hospital Episode Statistics APC for CPRD GOLD,kuan_sleep_apnoea_AfzQ2jdRKumSy8qtBSeRXQ_Read2.csv,kuan_sleep_apnoea_AfzQ2jdRKumSy8qtBSeRXQ_ICD10.csv
Sick sinus syndrome,fKjRjHUHCfNPCYsPtJWDiC,Clinical Practice Research Datalink GOLD; Hospital Episode Statistics APC for CPRD GOLD,kuan_sick_sinus_fKjRjHUHCfNPCYsPtJWDiC_Read2.csv,kuan_sick_sinus_fKjRjHUHCfNPCYsPtJWDiC_ICD10.csv
Primary Malignancy_Liver,AypekghXaccCJEjHmHgaCf,Clinical Practice Research Datalink GOLD; Hospital Episode Statistics APC for CPRD GOLD,kuan_pri_liver_AypekghXaccCJEjHmHgaCf_Read2.csv,kuan_pri_liver_AypekghXaccCJEjHmHgaCf_ICD10.csv
Primary Malignancy_Uterine,PA3KYo4onvF8fxGmEHToCm,Clinical Practice Research Datalink GOLD; Hospital Episode Statistics APC for CPRD GOLD,kuan_pri_uterine_PA3KYo4onvF8fxGmEHToCm_Read2.csv,kuan_pri_uterine_PA3KYo4onvF8fxGmEHToCm_ICD10.csv
Heart Rate,6keWsw2mW2TQjDMhNAUETt,Clinical Practice Research Datalink GOLD,[],[]
Tinnitus,5SLXmYddaUtZeWPDn26ddc,Clinical Practice Research Datalink GOLD; Hospital Episode Statistics APC for CPRD GOLD,kuan_tinnitus_5SLXmYddaUtZeWPDn26ddc_Read2.csv,kuan_tinnitus_5SLXmYddaUtZeWPDn26ddc_ICD10.csv
Raynaud's syndrome,kGDpso98YvdgBUkHwLtQom,Clinical Practice Research Datalink GOLD; Hospital Episode Statistics APC for CPRD GOLD,kuan_raynauds_kGDpso98YvdgBUkHwLtQom_Read2.csv,kuan_raynauds_kGDpso98YvdgBUkHwLtQom_ICD10.csv
Stable angina,7aMhMWHkJHbNc2w32de4RT,Clinical Practice Research Datalink GOLD; Hospital Episode Statistics APC for CPRD GOLD,kuan_stable_angina_7aMhMWHkJHbNc2w32de4RT_Read2.csv,kuan_stable_angina_7aMhMWHkJHbNc2w32de4RT_ICD10.csv
Ear and Upper Respiratory Tract Infections,GtXR2V6qtByiemFrcHdVzr,Hospital Episode Statistics APC for CPRD GOLD,[],kuan_ear_urti_GtXR2V6qtByiemFrcHdVzr_ICD10.csv
Bifascicular block,FeZgkaDCbMMUJgysojnHkT,Clinical Practice Research Datalink GOLD; Hospital Episode Statistics APC for CPRD GOLD,kuan_bifasc_block_FeZgkaDCbMMUJgysojnHkT_Read2.csv,kuan_bifasc_block_FeZgkaDCbMMUJgysojnHkT_ICD10.csv
Lymphocytes,WhLcDKoLxY4qzMKfgAN5DJ,Clinical Practice Research Datalink GOLD,shah_lymphocytes_WhLcDKoLxY4qzMKfgAN5DJ_Read2.csv,[]
Leiomyoma of uterus,KPoL4kRqXHE8pRxgnP32T5,Clinical Practice Research Datalink GOLD; Hospital Episode Statistics APC for CPRD GOLD,kuan_leiomyoma_KPoL4kRqXHE8pRxgnP32T5_Read2.csv,kuan_leiomyoma_KPoL4kRqXHE8pRxgnP32T5_ICD10.csv
Nonrheumatic aortic valve disorders,6KCBwLSve8oKUUJCSoGVMy,Clinical Practice Research Datalink GOLD; Hospital Episode Statistics APC for CPRD GOLD,kuan_nonRh_aortic_6KCBwLSve8oKUUJCSoGVMy_Read2.csv,kuan_nonRh_aortic_6KCBwLSve8oKUUJCSoGVMy_ICD10.csv
Scoliosis,gWkKqmfdDtieRfqt3gDBgU,Clinical Practice Research Datalink GOLD; Hospital Episode Statistics APC for CPRD GOLD,kuan_scoliosis_gWkKqmfdDtieRfqt3gDBgU_Read2.csv,kuan_scoliosis_gWkKqmfdDtieRfqt3gDBgU_ICD10.csv
Crohn's disease,TdiXVUEF5sCfmGKyALeCaD,Clinical Practice Research Datalink GOLD; Hospital Episode Statistics APC for CPRD GOLD,kuan_crohns_TdiXVUEF5sCfmGKyALeCaD_Read2.csv,kuan_crohns_TdiXVUEF5sCfmGKyALeCaD_ICD10.csv
Homelessness,7aMhMWHkJHbNc2w32de4RT,Hospital Episode Statistics Admitted Patient Care,[],luchenski_homelessness_7aMhMWHkJHbNc2w32de4RT_ICD10.csv
Smoking Status,DoxdyHm6MDv7fHP4HQut5M,,[],[]
End stage renal disease,656RD4TRGA4B7GHmaJzAzt,Clinical Practice Research Datalink GOLD; Hospital Episode Statistics APC for CPRD GOLD,kuan_ESRD_656RD4TRGA4B7GHmaJzAzt_Read2.csv,kuan_ESRD_656RD4TRGA4B7GHmaJzAzt_ICD10.csv; kuan_ESRD_656RD4TRGA4B7GHmaJzAzt_OPCS4.csv
Primary Malignancy_Oesophageal,LkS5bRkV7vWh2J8yRDqSgN,Clinical Practice Research Datalink GOLD; Hospital Episode Statistics APC for CPRD GOLD,kuan_pri_oesoph_LkS5bRkV7vWh2J8yRDqSgN_Read2.csv,kuan_pri_oesoph_LkS5bRkV7vWh2J8yRDqSgN_ICD10.csv
Appendicitis,5aqU7FXzZxDm78WBppyy5y,Clinical Practice Research Datalink GOLD; Hospital Episode Statistics APC for CPRD GOLD,kuan_appendicitis_5aqU7FXzZxDm78WBppyy5y_Read2.csv,kuan_appendicitis_5aqU7FXzZxDm78WBppyy5y_ICD10.csv; kuan_appendicitis_5aqU7FXzZxDm78WBppyy5y_OPCS4.csv
Diabetic neurological complications,TbATLTJSibhrbrEmJqsKuJ,Clinical Practice Research Datalink GOLD; Hospital Episode Statistics APC for CPRD GOLD,kuan_dm_neuro_TbATLTJSibhrbrEmJqsKuJ_Read2.csv,kuan_dm_neuro_TbATLTJSibhrbrEmJqsKuJ_ICD10.csv
Cystic Fibrosis,eqyW2q3h7pLfjRkjpiP5xv,Clinical Practice Research Datalink GOLD; Hospital Episode Statistics APC for CPRD GOLD,kuan_CF_eqyW2q3h7pLfjRkjpiP5xv_Read2.csv,kuan_CF_eqyW2q3h7pLfjRkjpiP5xv_ICD10.csv
Leukaemia,m4HfBXcZAfvWbbMJ6h3wv8,Clinical Practice Research Datalink GOLD; Hospital Episode Statistics APC for CPRD GOLD,kuan_leukaemia_m4HfBXcZAfvWbbMJ6h3wv8_Read2.csv,kuan_leukaemia_m4HfBXcZAfvWbbMJ6h3wv8_ICD10.csv
Peptic ulcer disease,4mSsuwVb7M6w3HhH94Jbov,Clinical Practice Research Datalink GOLD; Hospital Episode Statistics APC for CPRD GOLD,kuan_ulcer_peptic_4mSsuwVb7M6w3HhH94Jbov_Read2.csv,kuan_ulcer_peptic_4mSsuwVb7M6w3HhH94Jbov_ICD10.csv; kuan_ulcer_peptic_4mSsuwVb7M6w3HhH94Jbov_OPCS4.csv
Visual impairment and blindness,4wLv6rsCuLpEkDhEwmGzUQ,Clinical Practice Research Datalink GOLD; Hospital Episode Statistics APC for CPRD GOLD,kuan_blind_4wLv6rsCuLpEkDhEwmGzUQ_Read2.csv,kuan_blind_4wLv6rsCuLpEkDhEwmGzUQ_ICD10.csv
Posterior Uveitis,7sT585S2MhmvcxR3qxn4vH,Clinical Practice Research Datalink GOLD; Hospital Episode Statistics APC for CPRD GOLD,kuan_post_uveitis_7sT585S2MhmvcxR3qxn4vH_Read2.csv,kuan_post_uveitis_7sT585S2MhmvcxR3qxn4vH_ICD10.csv
Cholangitis,mNzDobbnJ9ssEhnW6TS2m7,Clinical Practice Research Datalink GOLD; Hospital Episode Statistics APC for CPRD GOLD,kuan_cholangitis_mNzDobbnJ9ssEhnW6TS2m7_Read2.csv,kuan_cholangitis_mNzDobbnJ9ssEhnW6TS2m7_ICD10.csv
Postmenopausal bleeding,U84C3hG5a2mzTnTfvGWdqn,Clinical Practice Research Datalink GOLD; Hospital Episode Statistics APC for CPRD GOLD,kuan_PMB_U84C3hG5a2mzTnTfvGWdqn_Read2.csv,kuan_PMB_U84C3hG5a2mzTnTfvGWdqn_ICD10.csv
Chemotherapy medication,JqaBFwL3px7cCdDZFo4sDP,Clinical Practice Research Datalink GOLD,[],[]
Bacterial Diseases (excl TB),LTt9ydm9NGbZkWQQy7XyiF,Hospital Episode Statistics APC for CPRD GOLD,[],kuan_bacterial_LTt9ydm9NGbZkWQQy7XyiF_ICD10.csv
Actinic keratosis,HCMERysojt6MUQNpDVMW8V,Clinical Practice Research Datalink GOLD; Hospital Episode Statistics APC for CPRD GOLD,kuan_actinic_keratosis_HCMERysojt6MUQNpDVMW8V_Read2.csv,kuan_actinic_keratosis_HCMERysojt6MUQNpDVMW8V_ICD10.csv
Oesophageal varices,ceaqpKKvsiPa7ENJEz2Zzy,Clinical Practice Research Datalink GOLD; Hospital Episode Statistics APC for CPRD GOLD,kuan_varices_ceaqpKKvsiPa7ENJEz2Zzy_Read2.csv,kuan_varices_ceaqpKKvsiPa7ENJEz2Zzy_ICD10.csv; kuan_varices_ceaqpKKvsiPa7ENJEz2Zzy_OPCS4.csv
Aplastic anaemias,GAqEf827VEm86L9hqmEhbd,Clinical Practice Research Datalink GOLD; Hospital Episode Statistics APC for CPRD GOLD,kuan_aplastic_GAqEf827VEm86L9hqmEhbd_Read2.csv,kuan_aplastic_GAqEf827VEm86L9hqmEhbd_ICD10.csv
Splenomegaly,YK4bNDbzTVwZa7Jz3crRT7,Clinical Practice Research Datalink GOLD; Hospital Episode Statistics APC for CPRD GOLD,kuan_splenomegaly_YK4bNDbzTVwZa7Jz3crRT7_Read2.csv,kuan_splenomegaly_YK4bNDbzTVwZa7Jz3crRT7_ICD10.csv
Polycystic ovarian syndrome,GkcVZQrCQJHkwTvYNeMYNz,Clinical Practice Research Datalink GOLD; Hospital Episode Statistics APC for CPRD GOLD,kuan_PCOS_GkcVZQrCQJHkwTvYNeMYNz_Read2.csv,kuan_PCOS_GkcVZQrCQJHkwTvYNeMYNz_ICD10.csv
Diverticular disease of intestine (acute and chronic),oMJoWoJmHqQBFmzfDHCUFM,Clinical Practice Research Datalink GOLD; Hospital Episode Statistics APC for CPRD GOLD,kuan_diverticuli_oMJoWoJmHqQBFmzfDHCUFM_Read2.csv,kuan_diverticuli_oMJoWoJmHqQBFmzfDHCUFM_ICD10.csv; kuan_diverticuli_oMJoWoJmHqQBFmzfDHCUFM_OPCS4.csv
Primary Malignancy_biliary tract,kjbfD3bYfFF5F6dn4Cz7zy,Clinical Practice Research Datalink GOLD; Hospital Episode Statistics APC for CPRD GOLD,kuan_pri_biliary_kjbfD3bYfFF5F6dn4Cz7zy_Read2.csv,kuan_pri_biliary_kjbfD3bYfFF5F6dn4Cz7zy_ICD10.csv
Female infertility,5uvFsYinHTBYQLE8WQMFUe,Clinical Practice Research Datalink GOLD; Hospital Episode Statistics APC for CPRD GOLD,kuan_female_infertility_5uvFsYinHTBYQLE8WQMFUe_Read2.csv,kuan_female_infertility_5uvFsYinHTBYQLE8WQMFUe_ICD10.csv
Post-term infant,ZzaNcyxKJVbn7nhe394sYW,Clinical Practice Research Datalink GOLD; Hospital Episode Statistics APC for CPRD GOLD,kuan_post_term_ZzaNcyxKJVbn7nhe394sYW_Read2.csv,kuan_post_term_ZzaNcyxKJVbn7nhe394sYW_ICD10.csv
"Schizophrenia, schizotypal and delusional disorders",3L5NKPq72J7AASDMvY73QM,Clinical Practice Research Datalink GOLD; Hospital Episode Statistics APC for CPRD GOLD,kuan_schizo_3L5NKPq72J7AASDMvY73QM_Read2.csv,kuan_schizo_3L5NKPq72J7AASDMvY73QM_ICD10.csv
Anxiety disorders,LGWMqosnAtERehdytPzBWy,Clinical Practice Research Datalink GOLD; Hospital Episode Statistics APC for CPRD GOLD,kuan_anxiety_LGWMqosnAtERehdytPzBWy_Read2.csv,kuan_anxiety_LGWMqosnAtERehdytPzBWy_ICD10.csv
Pancreatitis,bYv8xnQBJ2SFhyYVSoudTt,Clinical Practice Research Datalink GOLD; Hospital Episode Statistics APC for CPRD GOLD,kuan_pancreatitis_bYv8xnQBJ2SFhyYVSoudTt_Read2.csv,kuan_pancreatitis_bYv8xnQBJ2SFhyYVSoudTt_ICD10.csv
Alopecia areata,GeiZN7PXDaTyPtwR8UNAbG,Clinical Practice Research Datalink GOLD; Hospital Episode Statistics APC for CPRD GOLD,kuan_alopecia_areata_GeiZN7PXDaTyPtwR8UNAbG_Read2.csv,kuan_alopecia_areata_GeiZN7PXDaTyPtwR8UNAbG_ICD10.csv
Primary Malignancy_Bladder,4EyKyg9kzvVAEJ8ef3itGd,Clinical Practice Research Datalink GOLD; Hospital Episode Statistics APC for CPRD GOLD,kuan_pri_bladder_4EyKyg9kzvVAEJ8ef3itGd_Read2.csv,kuan_pri_bladder_4EyKyg9kzvVAEJ8ef3itGd_ICD10.csv
Primary Malignancy_Prostate,K7iZUPXVXQqcHj5BS4sChz,Clinical Practice Research Datalink GOLD; Hospital Episode Statistics APC for CPRD GOLD,kuan_pri_prost_K7iZUPXVXQqcHj5BS4sChz_Read2.csv,kuan_pri_prost_K7iZUPXVXQqcHj5BS4sChz_ICD10.csv
Secondary malignancy_Liver and intrahepatic bile duct,MLbTBVxELakNfsyiAFybAa,Clinical Practice Research Datalink GOLD; Hospital Episode Statistics APC for CPRD GOLD,kuan_sec_liver_MLbTBVxELakNfsyiAFybAa_Read2.csv,kuan_sec_liver_MLbTBVxELakNfsyiAFybAa_ICD10.csv
Seborrheic dermatitis,aRqXaBkrdmDXUZjTZ4BRKP,Clinical Practice Research Datalink GOLD; Hospital Episode Statistics APC for CPRD GOLD,kuan_seb_derm_aRqXaBkrdmDXUZjTZ4BRKP_Read2.csv,kuan_seb_derm_aRqXaBkrdmDXUZjTZ4BRKP_ICD10.csv
Gout,2pm8E2fAJJBt7pdSuW2Mge,Clinical Practice Research Datalink GOLD; Hospital Episode Statistics APC for CPRD GOLD,kuan_gout_2pm8E2fAJJBt7pdSuW2Mge_Read2.csv,kuan_gout_2pm8E2fAJJBt7pdSuW2Mge_ICD10.csv
Ischaemic stroke,nfrpSeBDjByXgWGZHqTq2a,Clinical Practice Research Datalink GOLD; Hospital Episode Statistics APC for CPRD GOLD,kuan_Isch_stroke_nfrpSeBDjByXgWGZHqTq2a_Read2.csv,kuan_Isch_stroke_nfrpSeBDjByXgWGZHqTq2a_ICD10.csv
Erectile dysfunction,k5jqBM97NneeHGDbanJ35x,Clinical Practice Research Datalink GOLD; Hospital Episode Statistics APC for CPRD GOLD,kuan_ED_k5jqBM97NneeHGDbanJ35x_Read2.csv,kuan_ED_k5jqBM97NneeHGDbanJ35x_ICD10.csv
Heart failure,XmYuru73YF4EeRppjSAwsP,,[],carr_heartfailure_XmYuru73YF4EeRppjSAwsP_SNOMEDCT.csv
Syndrome of inappropriate secretion of antidiuretic hormone,9jTT8smVQKJ5TRWXF3VMKE,Hospital Episode Statistics APC for CPRD GOLD,[],kuan_SIADH_9jTT8smVQKJ5TRWXF3VMKE_ICD10.csv
Male infertility,AtMSYQkQNJaBzawPds5Chv,Clinical Practice Research Datalink GOLD; Hospital Episode Statistics APC for CPRD GOLD,kuan_male_infertility_AtMSYQkQNJaBzawPds5Chv_Read2.csv,kuan_male_infertility_AtMSYQkQNJaBzawPds5Chv_ICD10.csv
Cancer immunotherapy medication,Vkf6SPU4ig6A4ARJkYnP2r,Clinical Practice Research Datalink GOLD,[],[]
"Delirium, not induced by alcohol and other psychoactive substances",jExUP5ZrKENG5EngmgGJhE,Clinical Practice Research Datalink GOLD; Hospital Episode Statistics APC for CPRD GOLD,kuan_delirium_jExUP5ZrKENG5EngmgGJhE_Read2.csv,kuan_delirium_jExUP5ZrKENG5EngmgGJhE_ICD10.csv
Gastritis and duodenitis,A9rp5YMoEb7GbeYiMopaj3,Clinical Practice Research Datalink GOLD; Hospital Episode Statistics APC for CPRD GOLD,kuan_gastritis_duodenitis_A9rp5YMoEb7GbeYiMopaj3_Read2.csv,kuan_gastritis_duodenitis_A9rp5YMoEb7GbeYiMopaj3_ICD10.csv
Chronic Obstructive Pulmonary Disease (COPD),XmYuru73YF4EeRppjSAwsP,,[],carr_copd_XmYuru73YF4EeRppjSAwsP_SNOMEDCT.csv
Macular degeneration,2V58JY9JVmvvVokAa3E5sb,Clinical Practice Research Datalink GOLD; Hospital Episode Statistics APC for CPRD GOLD,kuan_macula_degen_2V58JY9JVmvvVokAa3E5sb_Read2.csv,kuan_macula_degen_2V58JY9JVmvvVokAa3E5sb_ICD10.csv
Fracture of wrist,AzokdCmJwmRXUXCHfeZAFi,Clinical Practice Research Datalink GOLD; Hospital Episode Statistics APC for CPRD GOLD,kuan_fracture_wrist_AzokdCmJwmRXUXCHfeZAFi_Read2.csv,kuan_fracture_wrist_AzokdCmJwmRXUXCHfeZAFi_ICD10.csv
Secondary Malignancy_Lung,M7BkXTa8pkCFTeDAbwEoQr,Clinical Practice Research Datalink GOLD; Hospital Episode Statistics APC for CPRD GOLD,kuan_sec_lung_M7BkXTa8pkCFTeDAbwEoQr_Read2.csv,kuan_sec_lung_M7BkXTa8pkCFTeDAbwEoQr_ICD10.csv
Non-Hodgkin Lymphoma,EkuRLLMZVbdtBFhQS3rnLR,Clinical Practice Research Datalink GOLD; Hospital Episode Statistics APC for CPRD GOLD,kuan_NHL_EkuRLLMZVbdtBFhQS3rnLR_Read2.csv,kuan_NHL_EkuRLLMZVbdtBFhQS3rnLR_ICD10.csv
Heart failure,YxiNH8TRWET5poG7g48cLc,Clinical Practice Research Datalink GOLD; Hospital Episode Statistics APC for CPRD GOLD,kuan_hf_YxiNH8TRWET5poG7g48cLc_Read2.csv,kuan_hf_YxiNH8TRWET5poG7g48cLc_ICD10.csv
Nonrheumatic mitral valve disorders,8PuLa8uoEbjtzC4vFipeJr,Clinical Practice Research Datalink GOLD; Hospital Episode Statistics APC for CPRD GOLD,kuan_nonRh_mitral_8PuLa8uoEbjtzC4vFipeJr_Read2.csv,kuan_nonRh_mitral_8PuLa8uoEbjtzC4vFipeJr_ICD10.csv
Urinary Tract Infections,HsazEuurYUFgKk8DHAVLkS,Hospital Episode Statistics APC for CPRD GOLD,[],kuan_uti_HsazEuurYUFgKk8DHAVLkS_ICD10.csv
Other interstitial pulmonary diseases with fibrosis,HRo7ob4dxZxyDjqocqYp2b,Clinical Practice Research Datalink GOLD; Hospital Episode Statistics APC for CPRD GOLD,kuan_pulm_fibrosis_HRo7ob4dxZxyDjqocqYp2b_Read2.csv,kuan_pulm_fibrosis_HRo7ob4dxZxyDjqocqYp2b_ICD10.csv
Rheumatic fever,2LQnsm6S4MMjnu6dGcJijr,Clinical Practice Research Datalink GOLD; Hospital Episode Statistics APC for CPRD GOLD,kuan_rh_fever_2LQnsm6S4MMjnu6dGcJijr_Read2.csv,kuan_rh_fever_2LQnsm6S4MMjnu6dGcJijr_ICD10.csv
Patent ductus arteriosus,9pa8sQyoJywUKZyzLoxfYD,Clinical Practice Research Datalink GOLD; Hospital Episode Statistics APC for CPRD GOLD,kuan_PDA_9pa8sQyoJywUKZyzLoxfYD_Read2.csv,kuan_PDA_9pa8sQyoJywUKZyzLoxfYD_ICD10.csv; kuan_PDA_9pa8sQyoJywUKZyzLoxfYD_OPCS4.csv
Infection of anal and rectal regions,dxgs3A67daFEpmErCZJjKy,Hospital Episode Statistics APC for CPRD GOLD,[],kuan_anorectal_dxgs3A67daFEpmErCZJjKy_ICD10.csv
Mycoses,NssGBvtMFBbqJnVe7ioAVE,Hospital Episode Statistics APC for CPRD GOLD,[],kuan_mycoses_NssGBvtMFBbqJnVe7ioAVE_ICD10.csv
Non-COVID19 CVD death,A69hsZDh3dcgzPn4HJcNkG,,[],[]
"Benign neoplasm of colon, rectum, anus and anal canal",jiRbp6uJfASuDXyQSDrsdc,Clinical Practice Research Datalink GOLD; Hospital Episode Statistics APC for CPRD GOLD,kuan_benign_colon_jiRbp6uJfASuDXyQSDrsdc_Read2.csv,kuan_benign_colon_jiRbp6uJfASuDXyQSDrsdc_ICD10.csv
Secondary Malignancy_Bowel,hdWRFRcDEiVxSTSwBi8kgp,Clinical Practice Research Datalink GOLD; Hospital Episode Statistics APC for CPRD GOLD,kuan_sec_bowel_hdWRFRcDEiVxSTSwBi8kgp_Read2.csv,kuan_sec_bowel_hdWRFRcDEiVxSTSwBi8kgp_ICD10.csv
Vitiligo,kN4e6pLaWWHcb2Zqz5X3Tv,Clinical Practice Research Datalink GOLD; Hospital Episode Statistics APC for CPRD GOLD,kuan_vitiligo_kN4e6pLaWWHcb2Zqz5X3Tv_Read2.csv,kuan_vitiligo_kN4e6pLaWWHcb2Zqz5X3Tv_ICD10.csv
Enteropathic arthropathy,PMpJHFPnAwsr8x96ns3vfb,Clinical Practice Research Datalink GOLD; Hospital Episode Statistics APC for CPRD GOLD,kuan_entero_arthro_PMpJHFPnAwsr8x96ns3vfb_Read2.csv,kuan_entero_arthro_PMpJHFPnAwsr8x96ns3vfb_ICD10.csv
Hepatic failure,5f44cPA3onKPV3axCvVDCP,Clinical Practice Research Datalink GOLD; Hospital Episode Statistics APC for CPRD GOLD,kuan_liver_fail_5f44cPA3onKPV3axCvVDCP_Read2.csv,kuan_liver_fail_5f44cPA3onKPV3axCvVDCP_ICD10.csv
LDL Cholesterol,XqKwYhySZhoQKu8gqeUtdr,Clinical Practice Research Datalink GOLD,shah_ldl_cholesterol_plasma_XqKwYhySZhoQKu8gqeUtdr_Read2.csv; shah_ldl_cholesterol_serum_XqKwYhySZhoQKu8gqeUtdr_Read2,[]
Secondary Malignancy_retroperitoneum and peritoneum,3Eh9Str5jceazQYsBdKVsS,Clinical Practice Research Datalink GOLD; Hospital Episode Statistics APC for CPRD GOLD,kuan_sec_peritoneum_3Eh9Str5jceazQYsBdKVsS_Read2.csv,kuan_sec_peritoneum_3Eh9Str5jceazQYsBdKVsS_ICD10.csv
Bronchiectasis,SWUAhaHStc967nLCfhY6rc,Clinical Practice Research Datalink GOLD; Hospital Episode Statistics APC for CPRD GOLD,kuan_bronchiectasis_SWUAhaHStc967nLCfhY6rc_Read2.csv,kuan_bronchiectasis_SWUAhaHStc967nLCfhY6rc_ICD10.csv
Enthesopathies & synovial disorders,95ZhQE7diuRQwsqRn8UrmT,Clinical Practice Research Datalink GOLD; Hospital Episode Statistics APC for CPRD GOLD,kuan_enthesopathy_95ZhQE7diuRQwsqRn8UrmT_Read2.csv,kuan_enthesopathy_95ZhQE7diuRQwsqRn8UrmT_ICD10.csv
Secondary Malignancy_Lymph Nodes,KXEpdmHgmsKRRxZVWt3GCY,Clinical Practice Research Datalink GOLD; Hospital Episode Statistics APC for CPRD GOLD,kuan_sec_LN_KXEpdmHgmsKRRxZVWt3GCY_Read2.csv,kuan_sec_LN_KXEpdmHgmsKRRxZVWt3GCY_ICD10.csv
Rheumatoid Arthritis,EWvRLa7DNMCiGs2XvC2zKT,Clinical Practice Research Datalink GOLD; Hospital Episode Statistics APC for CPRD GOLD,kuan_RhA_EWvRLa7DNMCiGs2XvC2zKT_Read2.csv,kuan_RhA_EWvRLa7DNMCiGs2XvC2zKT_ICD10.csv
Hearing loss,WwqYf9KzLwtq7pnG68Dmy6,Clinical Practice Research Datalink GOLD; Hospital Episode Statistics APC for CPRD GOLD,kuan_deaf_WwqYf9KzLwtq7pnG68Dmy6_Read2.csv,kuan_deaf_WwqYf9KzLwtq7pnG68Dmy6_ICD10.csv
Lichen planus,YqGNu4ojGFcpbvSUBkptXf,Clinical Practice Research Datalink GOLD; Hospital Episode Statistics APC for CPRD GOLD,kuan_lichen_planus_YqGNu4ojGFcpbvSUBkptXf_Read2.csv,kuan_lichen_planus_YqGNu4ojGFcpbvSUBkptXf_ICD10.csv
Primary Malignancy_Lung and trachea,aMUPXU3c33bfegnJ3LJiAn,Clinical Practice Research Datalink GOLD; Hospital Episode Statistics APC for CPRD GOLD,kuan_pri_lung_aMUPXU3c33bfegnJ3LJiAn_Read2.csv,kuan_pri_lung_aMUPXU3c33bfegnJ3LJiAn_ICD10.csv
Lupus erythematosus (local and systemic),2ZrkhcLcifb2pT7ZA2mvNG,Clinical Practice Research Datalink GOLD; Hospital Episode Statistics APC for CPRD GOLD,kuan_SLE_2ZrkhcLcifb2pT7ZA2mvNG_Read2.csv,kuan_SLE_2ZrkhcLcifb2pT7ZA2mvNG_ICD10.csv
Vitamin B12 deficiency anaemia,LWC57mbghEZhQ7TQCCEAXQ,Clinical Practice Research Datalink GOLD; Hospital Episode Statistics APC for CPRD GOLD,kuan_b12_def_LWC57mbghEZhQ7TQCCEAXQ_Read2.csv,kuan_b12_def_LWC57mbghEZhQ7TQCCEAXQ_ICD10.csv
Autism and Asperger's syndrome,YwsDewQKrrrZhMoFAARKMP,Clinical Practice Research Datalink GOLD; Hospital Episode Statistics APC for CPRD GOLD,kuan_autism_YwsDewQKrrrZhMoFAARKMP_Read2.csv,kuan_autism_YwsDewQKrrrZhMoFAARKMP_ICD10.csv
Homelessness,JqaBFwL3px7cCdDZFo4sDP,Clinical Practice Research Datalink GOLD,nanjo_homelessness_JqaBFwL3px7cCdDZFo4sDP_Read2.csv,[]
Pulmonary embolism,B82p672dxCbWfyEqp9fjJH,Clinical Practice Research Datalink GOLD; Hospital Episode Statistics APC for CPRD GOLD,kuan_PE_B82p672dxCbWfyEqp9fjJH_Read2.csv,kuan_PE_B82p672dxCbWfyEqp9fjJH_ICD10.csv
Asthma,eFTHigQ2RjygaBhHUco4pW,Clinical Practice Research Datalink GOLD; Hospital Episode Statistics APC for CPRD GOLD,kuan_asthma_eFTHigQ2RjygaBhHUco4pW_Read2.csv,kuan_asthma_eFTHigQ2RjygaBhHUco4pW_ICD10.csv
Multiple myeloma and malignant plasma cell neoplasms,ARsQVAvgUW2YqNz7bvcfF4,Clinical Practice Research Datalink GOLD; Hospital Episode Statistics APC for CPRD GOLD,kuan_plasmacell_ARsQVAvgUW2YqNz7bvcfF4_Read2.csv,kuan_plasmacell_ARsQVAvgUW2YqNz7bvcfF4_ICD10.csv
Rosacea,6gn3Xt36GonYTr8XKxQpDw,Clinical Practice Research Datalink GOLD; Hospital Episode Statistics APC for CPRD GOLD,kuan_rosacea_6gn3Xt36GonYTr8XKxQpDw_Read2.csv,kuan_rosacea_6gn3Xt36GonYTr8XKxQpDw_ICD10.csv
Pregnancy,gsACzuiX5NtJfpNjQJ7bg3,,[],[]
Hodgkin Lymphoma,Aax3fRk37rSVpwiUnU27oN,Clinical Practice Research Datalink GOLD; Hospital Episode Statistics APC for CPRD GOLD,kuan_hodgkins_Aax3fRk37rSVpwiUnU27oN_Read2.csv,kuan_hodgkins_Aax3fRk37rSVpwiUnU27oN_ICD10.csv
"Atrioventricular block, second degree",iXpD4FbSVDWsRvWjrAvJ59,Clinical Practice Research Datalink GOLD; Hospital Episode Statistics APC for CPRD GOLD,kuan_av_block_2_iXpD4FbSVDWsRvWjrAvJ59_Read2.csv,kuan_av_block_2_iXpD4FbSVDWsRvWjrAvJ59_ICD10.csv
Diaphragmatic hernia,j3Ab5ehw85BhFA83WvmJAA,Clinical Practice Research Datalink GOLD; Hospital Episode Statistics APC for CPRD GOLD,kuan_hernia_diaphragm_j3Ab5ehw85BhFA83WvmJAA_Read2.csv,kuan_hernia_diaphragm_j3Ab5ehw85BhFA83WvmJAA_ICD10.csv; kuan_hernia_diaphragm_j3Ab5ehw85BhFA83WvmJAA_OPCS4.csv
"Postviral fatigue syndrome, neurasthenia and fibromyalgia",4vuyvQJEm58jeMuVwovnwx,Clinical Practice Research Datalink GOLD; Hospital Episode Statistics APC for CPRD GOLD,kuan_chronic_fatigue_4vuyvQJEm58jeMuVwovnwx_Read2.csv,kuan_chronic_fatigue_4vuyvQJEm58jeMuVwovnwx_ICD10.csv
"Atrioventricular block, complete",ZRULCUexj8udmSt9szS23V,Clinical Practice Research Datalink GOLD; Hospital Episode Statistics APC for CPRD GOLD,kuan_av_block_3_ZRULCUexj8udmSt9szS23V_Read2.csv,kuan_av_block_3_ZRULCUexj8udmSt9szS23V_ICD10.csv
Tuberculosis,8CNeWEafK4TcvUs6sNjgjX,Clinical Practice Research Datalink GOLD; Hospital Episode Statistics APC for CPRD GOLD,kuan_TB_8CNeWEafK4TcvUs6sNjgjX_Read2.csv,kuan_TB_8CNeWEafK4TcvUs6sNjgjX_ICD10.csv
Intracerebral haemorrhage,MsaCKfARZDCB5hQXtFLZ37,Clinical Practice Research Datalink GOLD; Hospital Episode Statistics APC for CPRD GOLD,kuan_Intracereb_haem_MsaCKfARZDCB5hQXtFLZ37_Read2.csv,kuan_Intracereb_haem_MsaCKfARZDCB5hQXtFLZ37_ICD10.csv
Migraine,bUrBYE64PvgcArg8ik4AqK,Clinical Practice Research Datalink GOLD; Hospital Episode Statistics APC for CPRD GOLD,kuan_migraine_bUrBYE64PvgcArg8ik4AqK_Read2.csv,kuan_migraine_bUrBYE64PvgcArg8ik4AqK_ICD10.csv
Secondary Malignancy_Pleura,DZJSeTByLQPEL4sjVuyKH7,Clinical Practice Research Datalink GOLD; Hospital Episode Statistics APC for CPRD GOLD,kuan_sec_pleura_DZJSeTByLQPEL4sjVuyKH7_Read2.csv,kuan_sec_pleura_DZJSeTByLQPEL4sjVuyKH7_ICD10.csv
Infection of liver,9XCFyAEVmf8xwwHLj3VJ6Q,Hospital Episode Statistics APC for CPRD GOLD,[],kuan_liver_9XCFyAEVmf8xwwHLj3VJ6Q_ICD10.csv
Pulmonary collapse (excl pneumothorax),RSYq6aAcuXgqo5s3xhFwTn,Clinical Practice Research Datalink GOLD; Hospital Episode Statistics APC for CPRD GOLD,kuan_pulm_collapse_RSYq6aAcuXgqo5s3xhFwTn_Read2.csv,kuan_pulm_collapse_RSYq6aAcuXgqo5s3xhFwTn_ICD10.csv
Pneumothorax,a5NNubakLzYdsQiw9uJPBB,Clinical Practice Research Datalink GOLD; Hospital Episode Statistics APC for CPRD GOLD,kuan_pneumothorax_a5NNubakLzYdsQiw9uJPBB_Read2.csv,kuan_pneumothorax_a5NNubakLzYdsQiw9uJPBB_ICD10.csv
Primary Malignancy_Pancreatic,3gL6Q35vvkcwycZ2F4YMgZ,Clinical Practice Research Datalink GOLD; Hospital Episode Statistics APC for CPRD GOLD,kuan_pri_pancr_3gL6Q35vvkcwycZ2F4YMgZ_Read2.csv,kuan_pri_pancr_3gL6Q35vvkcwycZ2F4YMgZ_ICD10.csv
Hidradenitis suppurativa,TaGJaK2s9GyfkiWfL782qX,Clinical Practice Research Datalink GOLD; Hospital Episode Statistics APC for CPRD GOLD,kuan_hidradenitis_TaGJaK2s9GyfkiWfL782qX_Read2.csv,kuan_hidradenitis_TaGJaK2s9GyfkiWfL782qX_ICD10.csv
Asthma,XmYuru73YF4EeRppjSAwsP,,[],carr_asthma_XmYuru73YF4EeRppjSAwsP_SNOMEDCT.csv
Hyperplasia of prostate,kkENJEYgtTec8rXhDn3Qgg,Clinical Practice Research Datalink GOLD; Hospital Episode Statistics APC for CPRD GOLD,kuan_BPH_kkENJEYgtTec8rXhDn3Qgg_Read2.csv,kuan_BPH_kkENJEYgtTec8rXhDn3Qgg_ICD10.csv
Socioeconomic Deprevation,LndXYRN4dmmhTiZMRkRpqL,Practice postcode linked deprivation measures for CPRD GOLD,[],[]
Body Mass Index,C3E85YMWy2ixUvafWda9pa,Clinical Practice Research Datalink GOLD,[],[]
Multiple valve dz,53QJzqFVDLTrPR8PAo8cTZ,Clinical Practice Research Datalink GOLD; Hospital Episode Statistics APC for CPRD GOLD,kuan_mult_valve_53QJzqFVDLTrPR8PAo8cTZ_Read2.csv,kuan_mult_valve_53QJzqFVDLTrPR8PAo8cTZ_ICD10.csv
Secondary pulmonary hypertension,VCsG3GCCqTnbmMd8kZGhQh,Clinical Practice Research Datalink GOLD; Hospital Episode Statistics APC for CPRD GOLD,kuan_sec_pulm_htn_VCsG3GCCqTnbmMd8kZGhQh_Read2.csv,kuan_sec_pulm_htn_VCsG3GCCqTnbmMd8kZGhQh_ICD10.csv
Giant Cell arteritis,5WMaNT9xc6YnhKUBzE877r,Clinical Practice Research Datalink GOLD; Hospital Episode Statistics APC for CPRD GOLD,kuan_GCA_5WMaNT9xc6YnhKUBzE877r_Read2.csv,kuan_GCA_5WMaNT9xc6YnhKUBzE877r_ICD10.csv
Spondylosis,AjMcRwKc6Uid3KktJvcsSB,Clinical Practice Research Datalink GOLD; Hospital Episode Statistics APC for CPRD GOLD,kuan_spondylosis_AjMcRwKc6Uid3KktJvcsSB_Read2.csv,kuan_spondylosis_AjMcRwKc6Uid3KktJvcsSB_ICD10.csv
Neuromuscular dysfunction of bladder,WamGj9C9EdTxVB3SpqGL7Z,Clinical Practice Research Datalink GOLD; Hospital Episode Statistics APC for CPRD GOLD,kuan_neuro_bladder_WamGj9C9EdTxVB3SpqGL7Z_Read2.csv,kuan_neuro_bladder_WamGj9C9EdTxVB3SpqGL7Z_ICD10.csv
Myasthenia gravis,7sWRuLLQJ4Xm6GztFZTAg3,Clinical Practice Research Datalink GOLD; Hospital Episode Statistics APC for CPRD GOLD,kuan_myasthenia_7sWRuLLQJ4Xm6GztFZTAg3_Read2.csv,kuan_myasthenia_7sWRuLLQJ4Xm6GztFZTAg3_ICD10.csv
HIV,5rrCQ6iL8uVpnEahtfFW9s,Clinical Practice Research Datalink GOLD; Hospital Episode Statistics APC for CPRD GOLD,kuan_hiv_5rrCQ6iL8uVpnEahtfFW9s_Read2.csv,kuan_hiv_5rrCQ6iL8uVpnEahtfFW9s_ICD10.csv
Abdominal Hernia,UmxTP7n8pMNA9ykfrhp5hZ,Clinical Practice Research Datalink GOLD; Hospital Episode Statistics APC for CPRD GOLD,kuan_hernia_abdo_UmxTP7n8pMNA9ykfrhp5hZ_Read2.csv,kuan_hernia_abdo_UmxTP7n8pMNA9ykfrhp5hZ_ICD10.csv; kuan_hernia_abdo_UmxTP7n8pMNA9ykfrhp5hZ_OPCS4.csv
Bell's palsy,ZgV8UjFkg87aYaVhUVvdwz,Clinical Practice Research Datalink GOLD; Hospital Episode Statistics APC for CPRD GOLD,kuan_bells_ZgV8UjFkg87aYaVhUVvdwz_Read2.csv,kuan_bells_ZgV8UjFkg87aYaVhUVvdwz_ICD10.csv
Primary Malignancy_colorectal and anus,5fw4nU5BBUFfNmwJaDCet3,Clinical Practice Research Datalink GOLD; Hospital Episode Statistics APC for CPRD GOLD,kuan_pri_bowel_5fw4nU5BBUFfNmwJaDCet3_Read2.csv,kuan_pri_bowel_5fw4nU5BBUFfNmwJaDCet3_ICD10.csv
Congenital malformations of cardiac septa,GhmCNuKUSB2LBjYPR68WRV,Clinical Practice Research Datalink GOLD; Hospital Episode Statistics APC for CPRD GOLD,kuan_congenital_septal_GhmCNuKUSB2LBjYPR68WRV_Read2.csv,kuan_congenital_septal_GhmCNuKUSB2LBjYPR68WRV_ICD10.csv; kuan_congenital_septal_GhmCNuKUSB2LBjYPR68WRV_OPCS4.csv
Polymyalgia Rheumatica,hW5RYaJDLhn68qBLn6t5vp,Clinical Practice Research Datalink GOLD; Hospital Episode Statistics APC for CPRD GOLD,kuan_PMR_hW5RYaJDLhn68qBLn6t5vp_Read2.csv,kuan_PMR_hW5RYaJDLhn68qBLn6t5vp_ICD10.csv
Primary Malignancy_Ovarian,CYy4HSPTCZQUAsLXGDYNqy,Clinical Practice Research Datalink GOLD; Hospital Episode Statistics APC for CPRD GOLD,kuan_pri_ovarian_CYy4HSPTCZQUAsLXGDYNqy_Read2.csv,kuan_pri_ovarian_CYy4HSPTCZQUAsLXGDYNqy_ICD10.csv
Protein kinase inhibitor medication,PuXE5eUppQXV3RDhTgiU9w,Clinical Practice Research Datalink GOLD,[],[]
Hypo or hyperthyroidism,FgVJooWzCgt2V9UnTYdU5S,Clinical Practice Research Datalink GOLD; Hospital Episode Statistics APC for CPRD GOLD,kuan_thyroid_FgVJooWzCgt2V9UnTYdU5S_Read2.csv,kuan_thyroid_FgVJooWzCgt2V9UnTYdU5S_ICD10.csv
Disorders of autonomic nervous system,LfgLjazsU9DQcEwVUsoHXm,Clinical Practice Research Datalink GOLD; Hospital Episode Statistics APC for CPRD GOLD,kuan_autonomic_neuro_LfgLjazsU9DQcEwVUsoHXm_Read2.csv,kuan_autonomic_neuro_LfgLjazsU9DQcEwVUsoHXm_ICD10.csv
Eye infections,mPmJwrtNbKFUhG57UF9kA8,Hospital Episode Statistics APC for CPRD GOLD,[],kuan_eye_mPmJwrtNbKFUhG57UF9kA8_ICD10.csv
Hyperkinetic disorders,FKG5RnKvwfLLJeTp6fbFz7,Clinical Practice Research Datalink GOLD; Hospital Episode Statistics APC for CPRD GOLD,kuan_ADHD_FKG5RnKvwfLLJeTp6fbFz7_Read2.csv,kuan_ADHD_FKG5RnKvwfLLJeTp6fbFz7_ICD10.csv
Primary Malignancy_Multiple independent sites,eN6gobmprWkohDigCp3Bpz,Clinical Practice Research Datalink GOLD; Hospital Episode Statistics APC for CPRD GOLD,kuan_pri_multindep_eN6gobmprWkohDigCp3Bpz_Read2.csv,kuan_pri_multindep_eN6gobmprWkohDigCp3Bpz_ICD10.csv
Essential tremor,6KbZkdiuqgqkuUJyNUyRba,Clinical Practice Research Datalink GOLD; Hospital Episode Statistics APC for CPRD GOLD,kuan_essential_tremor_6KbZkdiuqgqkuUJyNUyRba_Read2.csv,kuan_essential_tremor_6KbZkdiuqgqkuUJyNUyRba_ICD10.csv
Non-acute cystitis,6D7XsekK9PN2co6sQamDWP,Clinical Practice Research Datalink GOLD; Hospital Episode Statistics APC for CPRD GOLD,kuan_chr_cystitis_6D7XsekK9PN2co6sQamDWP_Read2.csv,kuan_chr_cystitis_6D7XsekK9PN2co6sQamDWP_ICD10.csv
Acute Kidney Injury,NRvedG2xDpPJt2oDQCADfG,Hospital Episode Statistics APC for CPRD GOLD,[],kuan_AKI_NRvedG2xDpPJt2oDQCADfG_ICD10.csv
Iron deficiency anaemia,ZGfkjeH6GHi5WaQaTFmGn9,Clinical Practice Research Datalink GOLD; Hospital Episode Statistics APC for CPRD GOLD,kuan_IDA_ZGfkjeH6GHi5WaQaTFmGn9_Read2.csv,kuan_IDA_ZGfkjeH6GHi5WaQaTFmGn9_ICD10.csv
Personality disorders,NBqnQx3PXNA42bGzZhAjR7,Clinical Practice Research Datalink GOLD; Hospital Episode Statistics APC for CPRD GOLD,kuan_PD_NBqnQx3PXNA42bGzZhAjR7_Read2.csv,kuan_PD_NBqnQx3PXNA42bGzZhAjR7_ICD10.csv
Carcinoma in situ_cervical,mMCP3dUk9Swip6ZHeCvz4m,Clinical Practice Research Datalink GOLD; Hospital Episode Statistics APC for CPRD GOLD,kuan_cin_cervical_mMCP3dUk9Swip6ZHeCvz4m_Read2.csv,kuan_cin_cervical_mMCP3dUk9Swip6ZHeCvz4m_ICD10.csv
Ischaemic Heart Disease,XmYuru73YF4EeRppjSAwsP,,[],carr_ischaemicheartdisease_XmYuru73YF4EeRppjSAwsP_SNOMEDCT.csv
Other nervous system infections,g68fb5w3rkcPXQTCt6V35E,Hospital Episode Statistics APC for CPRD GOLD,[],kuan_oth_nerv_sys_g68fb5w3rkcPXQTCt6V35E_ICD10.csv
Infections of Other or unspecified organs,7YqX9Fgz3M2D6uCKXu7B4q,Hospital Episode Statistics APC for CPRD GOLD,[],kuan_oth_organs_7YqX9Fgz3M2D6uCKXu7B4q_ICD10.csv
Multiple sclerosis,o3PHkNpsJohi4EwUwRqkNH,Clinical Practice Research Datalink GOLD; Hospital Episode Statistics APC for CPRD GOLD,kuan_MS_o3PHkNpsJohi4EwUwRqkNH_Read2.csv,kuan_MS_o3PHkNpsJohi4EwUwRqkNH_ICD10.csv
Female pelvic inflammatory disease,JeHW69nUSoSJ9QHoQSZbxH,Hospital Episode Statistics APC for CPRD GOLD,[],kuan_PID_JeHW69nUSoSJ9QHoQSZbxH_ICD10.csv
Rheumatic valve dz,d8B66i2qoGAozpDTZjdvDn,Clinical Practice Research Datalink GOLD; Hospital Episode Statistics APC for CPRD GOLD,kuan_Rh_valve_d8B66i2qoGAozpDTZjdvDn_Read2.csv,kuan_Rh_valve_d8B66i2qoGAozpDTZjdvDn_ICD10.csv
Stroke NOS,XVnS5oshWa9HRBkEVJ2YyL,Clinical Practice Research Datalink GOLD; Hospital Episode Statistics APC for CPRD GOLD,kuan_Stroke_NOS_XVnS5oshWa9HRBkEVJ2YyL_Read2.csv,kuan_Stroke_NOS_XVnS5oshWa9HRBkEVJ2YyL_ICD10.csv
Hyperparathyroidism,AGWPXprudWMBcsvMQSJm6j,Clinical Practice Research Datalink GOLD; Hospital Episode Statistics APC for CPRD GOLD,kuan_PTH_AGWPXprudWMBcsvMQSJm6j_Read2.csv,kuan_PTH_AGWPXprudWMBcsvMQSJm6j_ICD10.csv
Immunodeficiencies,F6u5wxYWxj4F6gFtp34TPq,Clinical Practice Research Datalink GOLD; Hospital Episode Statistics APC for CPRD GOLD,kuan_immunodef_F6u5wxYWxj4F6gFtp34TPq_Read2.csv,kuan_immunodef_F6u5wxYWxj4F6gFtp34TPq_ICD10.csv
Viral diseases (excl chronic hepatitis/HIV),YaTJLaqKXS2amocxF3yaRB,Hospital Episode Statistics APC for CPRD GOLD,[],kuan_viral_YaTJLaqKXS2amocxF3yaRB_ICD10.csv
Sickle-cell trait,HpKeYNjMWk7CReFWYJUAZ8,Clinical Practice Research Datalink GOLD; Hospital Episode Statistics APC for CPRD GOLD,kuan_sickle_trait_HpKeYNjMWk7CReFWYJUAZ8_Read2.csv,kuan_sickle_trait_HpKeYNjMWk7CReFWYJUAZ8_ICD10.csv
Urticaria,Ee7wAQs6rhtuTt7zaKWaeV,Clinical Practice Research Datalink GOLD; Hospital Episode Statistics APC for CPRD GOLD,kuan_urticaria_Ee7wAQs6rhtuTt7zaKWaeV_Read2.csv,kuan_urticaria_Ee7wAQs6rhtuTt7zaKWaeV_ICD10.csv
Aspiration pneumonitis,LcEe7zG3b3WmAW2bZzu7Ci,Clinical Practice Research Datalink GOLD; Hospital Episode Statistics APC for CPRD GOLD,kuan_aspiration_pneumo_LcEe7zG3b3WmAW2bZzu7Ci_Read2.csv,kuan_aspiration_pneumo_LcEe7zG3b3WmAW2bZzu7Ci_ICD10.csv
Carpal tunnel syndrome,S8MwPhLwnKqmfwy6XzHtsz,Clinical Practice Research Datalink GOLD; Hospital Episode Statistics APC for CPRD GOLD,kuan_carpal_tunnel_S8MwPhLwnKqmfwy6XzHtsz_Read2.csv,kuan_carpal_tunnel_S8MwPhLwnKqmfwy6XzHtsz_ICD10.csv; kuan_carpal_tunnel_S8MwPhLwnKqmfwy6XzHtsz_OPCS4.csv
Benign neoplasm of ovary,nBNhjn4LKNC4dMxeUDk6LG,Clinical Practice Research Datalink GOLD; Hospital Episode Statistics APC for CPRD GOLD,kuan_benign_ovary_nBNhjn4LKNC4dMxeUDk6LG_Read2.csv,kuan_benign_ovary_nBNhjn4LKNC4dMxeUDk6LG_ICD10.csv
Hypertension,XmYuru73YF4EeRppjSAwsP,,[],carr_hypertension_XmYuru73YF4EeRppjSAwsP_SNOMEDCT.csv
Sjogren's disease,XYmHDEuAkAfY9QhmGxYEkM,Clinical Practice Research Datalink GOLD; Hospital Episode Statistics APC for CPRD GOLD,kuan_sjogren_XYmHDEuAkAfY9QhmGxYEkM_Read2.csv,kuan_sjogren_XYmHDEuAkAfY9QhmGxYEkM_ICD10.csv
Chronic Obstructive Pulmonary Disease (COPD),kgwoJWpdPG8Npp8HUc37zD,Clinical Practice Research Datalink GOLD; Hospital Episode Statistics APC for CPRD GOLD,kuan_COPD_kgwoJWpdPG8Npp8HUc37zD_Read2.csv,kuan_COPD_kgwoJWpdPG8Npp8HUc37zD_ICD10.csv
Endometrial hyperplasia and hypertrophy,X877B8Y2f3gJMtXhYe5q4j,Clinical Practice Research Datalink GOLD; Hospital Episode Statistics APC for CPRD GOLD,kuan_endometrial_hyper_X877B8Y2f3gJMtXhYe5q4j_Read2.csv,kuan_endometrial_hyper_X877B8Y2f3gJMtXhYe5q4j_ICD10.csv
Coeliac disease,Cqd3iG9YekavWvpyUBnnhf,Clinical Practice Research Datalink GOLD; Hospital Episode Statistics APC for CPRD GOLD,kuan_coeliac_Cqd3iG9YekavWvpyUBnnhf_Read2.csv,kuan_coeliac_Cqd3iG9YekavWvpyUBnnhf_ICD10.csv
Pleural plaque,VZNZYH2nuex4dvFUyeUJDs,Clinical Practice Research Datalink GOLD; Hospital Episode Statistics APC for CPRD GOLD,kuan_pleural_plaque_VZNZYH2nuex4dvFUyeUJDs_Read2.csv,kuan_pleural_plaque_VZNZYH2nuex4dvFUyeUJDs_ICD10.csv
Neutrophils,h8uDoPABk2tJXyh7cv3HjL,Clinical Practice Research Datalink GOLD,shah_neutrophils_h8uDoPABk2tJXyh7cv3HjL_Read2.csv,[]
Thalassaemia trait,ixf6p5HdgjaCjXgVm9HwJv,Clinical Practice Research Datalink GOLD; Hospital Episode Statistics APC for CPRD GOLD,kuan_thal_trait_ixf6p5HdgjaCjXgVm9HwJv_Read2.csv,kuan_thal_trait_ixf6p5HdgjaCjXgVm9HwJv_ICD10.csv
Anorexia and bulimia nervosa,UhAsDHcZDSX5cFJWMvfcnv,Clinical Practice Research Datalink GOLD; Hospital Episode Statistics APC for CPRD GOLD,kuan_eating_dz_UhAsDHcZDSX5cFJWMvfcnv_Read2.csv,kuan_eating_dz_UhAsDHcZDSX5cFJWMvfcnv_ICD10.csv
Anterior and Intermediate Uveitis,kZW9FeEfguyYymiHmhGEEW,Clinical Practice Research Datalink GOLD; Hospital Episode Statistics APC for CPRD GOLD,kuan_ant_uveitis_kZW9FeEfguyYymiHmhGEEW_Read2.csv,kuan_ant_uveitis_kZW9FeEfguyYymiHmhGEEW_ICD10.csv
Pericardial effusion (noninflammatory),DdFGFs5BuP29rz2ysjUp9t,Clinical Practice Research Datalink GOLD; Hospital Episode Statistics APC for CPRD GOLD,kuan_pericardial_effusion_DdFGFs5BuP29rz2ysjUp9t_Read2.csv,kuan_pericardial_effusion_DdFGFs5BuP29rz2ysjUp9t_ICD10.csv
Urinary Incontinence,YvvpLDFgEUAWaQghCgeDrT,Clinical Practice Research Datalink GOLD; Hospital Episode Statistics APC for CPRD GOLD,kuan_urine_incont_YvvpLDFgEUAWaQghCgeDrT_Read2.csv,kuan_urine_incont_YvvpLDFgEUAWaQghCgeDrT_ICD10.csv
Nasal polyp,2JqMo7MxN89URPqarnRvau,Clinical Practice Research Datalink GOLD; Hospital Episode Statistics APC for CPRD GOLD,kuan_nasal_polyp_2JqMo7MxN89URPqarnRvau_Read2.csv,kuan_nasal_polyp_2JqMo7MxN89URPqarnRvau_ICD10.csv
"Atrioventricular block, first degree",T9FGkKdrjMexKXNu9WjWpF,Clinical Practice Research Datalink GOLD; Hospital Episode Statistics APC for CPRD GOLD,kuan_av_block_1_T9FGkKdrjMexKXNu9WjWpF_Read2.csv,kuan_av_block_1_T9FGkKdrjMexKXNu9WjWpF_ICD10.csv
Prematurity,QLJese4vjozSvYQxScWpv7,Clinical Practice Research Datalink GOLD; Hospital Episode Statistics APC for CPRD GOLD,kuan_prematurity_QLJese4vjozSvYQxScWpv7_Read2.csv,kuan_prematurity_QLJese4vjozSvYQxScWpv7_ICD10.csv
Primary or Idiopathic Thrombocytopaenia,CUSRAUEXQqGbaEHKviPawn,Clinical Practice Research Datalink GOLD; Hospital Episode Statistics APC for CPRD GOLD,kuan_pri_thrombocytopaenia_CUSRAUEXQqGbaEHKviPawn_Read2.csv,kuan_pri_thrombocytopaenia_CUSRAUEXQqGbaEHKviPawn_ICD10.csv
Irritable bowel syndrome,g2YVaUEpnd8CJyLASZPNQi,Clinical Practice Research Datalink GOLD; Hospital Episode Statistics APC for CPRD GOLD,kuan_IBS_g2YVaUEpnd8CJyLASZPNQi_Read2.csv,kuan_IBS_g2YVaUEpnd8CJyLASZPNQi_ICD10.csv
Thalassaemia,LZDoEqjUR9HYosnmbox6mW,Clinical Practice Research Datalink GOLD; Hospital Episode Statistics APC for CPRD GOLD,kuan_thala_LZDoEqjUR9HYosnmbox6mW_Read2.csv,kuan_thala_LZDoEqjUR9HYosnmbox6mW_ICD10.csv
Neonatal jaundice (excl haemolytic dz of the newborn),MEqZPyc5s3rBZqLaCnkMfB,Clinical Practice Research Datalink GOLD; Hospital Episode Statistics APC for CPRD GOLD,kuan_neo_jaundice_MEqZPyc5s3rBZqLaCnkMfB_Read2.csv,kuan_neo_jaundice_MEqZPyc5s3rBZqLaCnkMfB_ICD10.csv
Unstable Angina,CCQUoFjx2ZzPrqrX8ubGDQ,Clinical Practice Research Datalink GOLD; Hospital Episode Statistics APC for CPRD GOLD,kuan_unstable_angina_CCQUoFjx2ZzPrqrX8ubGDQ_Read2.csv,kuan_unstable_angina_CCQUoFjx2ZzPrqrX8ubGDQ_ICD10.csv
Primary Malignancy_Other Skin and subcutaneous tissue,27GoiZyiiU2g8ef4qUtucH,Clinical Practice Research Datalink GOLD; Hospital Episode Statistics APC for CPRD GOLD,kuan_pri_skin_27GoiZyiiU2g8ef4qUtucH_Read2.csv,kuan_pri_skin_27GoiZyiiU2g8ef4qUtucH_ICD10.csv
Parkinson's disease,3WekgjS8prps7Dr3EMAE4L,Clinical Practice Research Datalink GOLD; Hospital Episode Statistics APC for CPRD GOLD,kuan_Parkinsons_3WekgjS8prps7Dr3EMAE4L_Read2.csv,kuan_Parkinsons_3WekgjS8prps7Dr3EMAE4L_ICD10.csv
Meningitis,N9XtFjTNs9jJsVP4twUThj,Hospital Episode Statistics APC for CPRD GOLD,[],kuan_meningitis_N9XtFjTNs9jJsVP4twUThj_ICD10.csv
Depression,cEacXgEFhPdVWcUgWULATV,Clinical Practice Research Datalink GOLD; Hospital Episode Statistics APC for CPRD GOLD,kuan_depression_cEacXgEFhPdVWcUgWULATV_Read2.csv,kuan_depression_cEacXgEFhPdVWcUgWULATV_ICD10.csv
Scleritis and episcleritis,H3bim3sPETSSaygyEddC7h,Clinical Practice Research Datalink GOLD; Hospital Episode Statistics APC for CPRD GOLD,kuan_scleritis_H3bim3sPETSSaygyEddC7h_Read2.csv,kuan_scleritis_H3bim3sPETSSaygyEddC7h_ICD10.csv
Female genital prolapse,5JUZRXv6X2C8ADgrPw6Su8,Clinical Practice Research Datalink GOLD; Hospital Episode Statistics APC for CPRD GOLD,kuan_female_genital_prolapse_5JUZRXv6X2C8ADgrPw6Su8_Read2.csv,kuan_female_genital_prolapse_5JUZRXv6X2C8ADgrPw6Su8_ICD10.csv
Infections of the digestive system,VGfsivGzeiDGyQeXpTXne6,Hospital Episode Statistics APC for CPRD GOLD,[],kuan_digestive_VGfsivGzeiDGyQeXpTXne6_ICD10.csv
Encephalitis,7Zr2dCJp5bz6fGvwdqyriY,Hospital Episode Statistics APC for CPRD GOLD,[],kuan_enceph_7Zr2dCJp5bz6fGvwdqyriY_ICD10.csv
Urolithiasis,Zsx6GFtUKjrFJVrAuRJeEu,Clinical Practice Research Datalink GOLD; Hospital Episode Statistics APC for CPRD GOLD,kuan_urolithiasis_Zsx6GFtUKjrFJVrAuRJeEu_Read2.csv,kuan_urolithiasis_Zsx6GFtUKjrFJVrAuRJeEu_ICD10.csv; kuan_urolithiasis_Zsx6GFtUKjrFJVrAuRJeEu_OPCS4.csv
Spina bifida,dBF5MaNFLkiqN8qTTm4uXD,Clinical Practice Research Datalink GOLD; Hospital Episode Statistics APC for CPRD GOLD,kuan_spina_bifida_dBF5MaNFLkiqN8qTTm4uXD_Read2.csv,kuan_spina_bifida_dBF5MaNFLkiqN8qTTm4uXD_ICD10.csv; kuan_spina_bifida_dBF5MaNFLkiqN8qTTm4uXD_OPCS4.csv
Chronic sinusitis,YXtNS5SUPZvfXAvs3RdKSm,Clinical Practice Research Datalink GOLD; Hospital Episode Statistics APC for CPRD GOLD,kuan_sinusitis_YXtNS5SUPZvfXAvs3RdKSm_Read2.csv,kuan_sinusitis_YXtNS5SUPZvfXAvs3RdKSm_ICD10.csv
Fibromatoses,eCtYtFNeXxpTRmpj7JYgNp,Clinical Practice Research Datalink GOLD; Hospital Episode Statistics APC for CPRD GOLD,kuan_fibromatosis_eCtYtFNeXxpTRmpj7JYgNp_Read2.csv,kuan_fibromatosis_eCtYtFNeXxpTRmpj7JYgNp_ICD10.csv; kuan_fibromatosis_eCtYtFNeXxpTRmpj7JYgNp_OPCS4.csv
Ventricular tachycardia,Mx78fJmJPJg5Sxuzp9wyAk,Clinical Practice Research Datalink GOLD; Hospital Episode Statistics APC for CPRD GOLD,kuan_VT_Mx78fJmJPJg5Sxuzp9wyAk_Read2.csv,kuan_VT_Mx78fJmJPJg5Sxuzp9wyAk_ICD10.csv
Alcohol Problems,UxiyF5AcxtXNJZpNvwfYE4,Clinical Practice Research Datalink GOLD; Hospital Episode Statistics APC for CPRD GOLD,kuan_alc_problems_UxiyF5AcxtXNJZpNvwfYE4_Read2.csv,kuan_alc_problems_UxiyF5AcxtXNJZpNvwfYE4_ICD10.csv
Infection of other or unspecified genitourinary system,XRhTnMTri4EeRCQeikSkEg,Hospital Episode Statistics APC for CPRD GOLD,[],kuan_oth_gu_XRhTnMTri4EeRCQeikSkEg_ICD10.csv
"Liver fibrosis, sclerosis and cirrhosis",2LW7p3ULbVEqV3vYNLRyu2,Clinical Practice Research Datalink GOLD; Hospital Episode Statistics APC for CPRD GOLD,kuan_cirrhosis_2LW7p3ULbVEqV3vYNLRyu2_Read2.csv,kuan_cirrhosis_2LW7p3ULbVEqV3vYNLRyu2_ICD10.csv
Allergic and chronic rhinitis,Y44TQLMdrP4ABsSeBvbuUF,Clinical Practice Research Datalink GOLD; Hospital Episode Statistics APC for CPRD GOLD,kuan_allergic_rhinitis_Y44TQLMdrP4ABsSeBvbuUF_Read2.csv,kuan_allergic_rhinitis_Y44TQLMdrP4ABsSeBvbuUF_ICD10.csv
Other anaemias,TkopQyYsqmzwVKiwfAHQnR,Clinical Practice Research Datalink GOLD; Hospital Episode Statistics APC for CPRD GOLD,kuan_oth_anaemia_TkopQyYsqmzwVKiwfAHQnR_Read2.csv,kuan_oth_anaemia_TkopQyYsqmzwVKiwfAHQnR_ICD10.csv
Venous thromboembolic disease (Excl PE),JRTtcdr2U5bo88gJap7hd6,Clinical Practice Research Datalink GOLD; Hospital Episode Statistics APC for CPRD GOLD,kuan_vte_ex_pe_JRTtcdr2U5bo88gJap7hd6_Read2.csv,kuan_vte_ex_pe_JRTtcdr2U5bo88gJap7hd6_ICD10.csv
Infection of skin and subcutaneous tissues,6DJE5dXsCSY43VUHFopWKF,Hospital Episode Statistics APC for CPRD GOLD,[],kuan_skin_6DJE5dXsCSY43VUHFopWKF_ICD10.csv
Anorectal fistula,jjFso6okvLjAdwf5SzrL5A,Clinical Practice Research Datalink GOLD; Hospital Episode Statistics APC for CPRD GOLD,kuan_anorectal_fistula_jjFso6okvLjAdwf5SzrL5A_Read2.csv,kuan_anorectal_fistula_jjFso6okvLjAdwf5SzrL5A_ICD10.csv; kuan_anorectal_fistula_jjFso6okvLjAdwf5SzrL5A_OPCS4.csv
Hypertrophy of nasal turbinates,W83WMB5A6k6mfQKUJJZt6E,Clinical Practice Research Datalink GOLD; Hospital Episode Statistics APC for CPRD GOLD,kuan_hyper_nasal_turbs_W83WMB5A6k6mfQKUJJZt6E_Read2.csv,kuan_hyper_nasal_turbs_W83WMB5A6k6mfQKUJJZt6E_ICD10.csv
Other or unspecified infectious organisms,jK56Sf9q2Eua9oYxYSqeNw,Hospital Episode Statistics APC for CPRD GOLD,[],kuan_oth_organisms_jK56Sf9q2Eua9oYxYSqeNw_ICD10.csv
Primary Malignancy_Cervical,fF27tQu3MyuSRfx4LgLvnB,Clinical Practice Research Datalink GOLD; Hospital Episode Statistics APC for CPRD GOLD,kuan_pri_cervical_fF27tQu3MyuSRfx4LgLvnB_Read2.csv,kuan_pri_cervical_fF27tQu3MyuSRfx4LgLvnB_ICD10.csv
Subarachnoid haemorrhage,VDhB96H287Ty7FyNXBtBeU,Clinical Practice Research Datalink GOLD; Hospital Episode Statistics APC for CPRD GOLD,kuan_Subarach_VDhB96H287Ty7FyNXBtBeU_Read2.csv,kuan_Subarach_VDhB96H287Ty7FyNXBtBeU_ICD10.csv
Raised Total Cholesterol,S3GaxXnAu9WgVyBDs3Fyy8,,[],[]
Sarcoidosis,Lx4rcw5bcpivtgbF4F7Qc3,Clinical Practice Research Datalink GOLD; Hospital Episode Statistics APC for CPRD GOLD,kuan_sarcoid_Lx4rcw5bcpivtgbF4F7Qc3_Read2.csv,kuan_sarcoid_Lx4rcw5bcpivtgbF4F7Qc3_ICD10.csv
Anorectal prolapse,KXydavUn3ZWEK46jNtEKpX,Clinical Practice Research Datalink GOLD; Hospital Episode Statistics APC for CPRD GOLD,kuan_anorectal_prolapse_KXydavUn3ZWEK46jNtEKpX_Read2.csv,kuan_anorectal_prolapse_KXydavUn3ZWEK46jNtEKpX_ICD10.csv; kuan_anorectal_prolapse_KXydavUn3ZWEK46jNtEKpX_OPCS4.csv
Diabetes,XmYuru73YF4EeRppjSAwsP,,[],carr_diabetes_XmYuru73YF4EeRppjSAwsP_SNOMEDCT.csv
Secondary polycythaemia,iPnDxjmpAu865M4dYgyw3E,Clinical Practice Research Datalink GOLD; Hospital Episode Statistics APC for CPRD GOLD,kuan_2ry_polycythaemia_iPnDxjmpAu865M4dYgyw3E_Read2.csv,kuan_2ry_polycythaemia_iPnDxjmpAu865M4dYgyw3E_ICD10.csv
Ethnic Status,PMD762GQ76BscDn5YK3Mwe,,[],[]
Pleural effusion,bQbxWRNDAY7N7fVaLYJxbD,Clinical Practice Research Datalink GOLD; Hospital Episode Statistics APC for CPRD GOLD,kuan_pleural_effusion_bQbxWRNDAY7N7fVaLYJxbD_Read2.csv,kuan_pleural_effusion_bQbxWRNDAY7N7fVaLYJxbD_ICD10.csv
Primary Malignancy_Breast,FKsMkhEDz2v5aefUoxzZs2,Clinical Practice Research Datalink GOLD; Hospital Episode Statistics APC for CPRD GOLD,kuan_pri_breast_FKsMkhEDz2v5aefUoxzZs2_Read2.csv,kuan_pri_breast_FKsMkhEDz2v5aefUoxzZs2_ICD10.csv
Osteoporosis,WP8cKUQQPyvjzNrHP27HGg,Clinical Practice Research Datalink GOLD; Hospital Episode Statistics APC for CPRD GOLD,kuan_osteoporosis_WP8cKUQQPyvjzNrHP27HGg_Read2.csv,kuan_osteoporosis_WP8cKUQQPyvjzNrHP27HGg_ICD10.csv
Glomerulonephritis,2wTWQbK6ypwjowGXfj3X3p,Clinical Practice Research Datalink GOLD; Hospital Episode Statistics APC for CPRD GOLD,kuan_GN_2wTWQbK6ypwjowGXfj3X3p_Read2.csv,kuan_GN_2wTWQbK6ypwjowGXfj3X3p_ICD10.csv
Ptosis of eyelid,HAfApkFqoDfw2eKzvkYvf7,Clinical Practice Research Datalink GOLD; Hospital Episode Statistics APC for CPRD GOLD,kuan_ptosis_HAfApkFqoDfw2eKzvkYvf7_Read2.csv,kuan_ptosis_HAfApkFqoDfw2eKzvkYvf7_ICD10.csv; kuan_ptosis_HAfApkFqoDfw2eKzvkYvf7_OPCS4.csv
Volvulus,XJgb4NtivUwpgbyVocehfR,Clinical Practice Research Datalink GOLD; Hospital Episode Statistics APC for CPRD GOLD,kuan_volvulus_XJgb4NtivUwpgbyVocehfR_Read2.csv,kuan_volvulus_XJgb4NtivUwpgbyVocehfR_ICD10.csv; kuan_volvulus_XJgb4NtivUwpgbyVocehfR_OPCS4.csv
Intracranial hypertension,giQNx539AerZLWMixxD2sk,Clinical Practice Research Datalink GOLD; Hospital Episode Statistics APC for CPRD GOLD,kuan_intracranial_htn_giQNx539AerZLWMixxD2sk_Read2.csv,kuan_intracranial_htn_giQNx539AerZLWMixxD2sk_ICD10.csv
Raised LDL-C,aaiAomRQ2RTZ53gSNbhHpm,,[],[]
Primary Malignancy_Stomach,NWXTeKww9Ppu4grcErNrSp,Clinical Practice Research Datalink GOLD; Hospital Episode Statistics APC for CPRD GOLD,kuan_pri_stomach_NWXTeKww9Ppu4grcErNrSp_Read2.csv,kuan_pri_stomach_NWXTeKww9Ppu4grcErNrSp_ICD10.csv
Thrombophilia,VBQpRRQmjZFgvhbRumkexz,Clinical Practice Research Datalink GOLD; Hospital Episode Statistics APC for CPRD GOLD,kuan_thrombophilia_VBQpRRQmjZFgvhbRumkexz_Read2.csv,kuan_thrombophilia_VBQpRRQmjZFgvhbRumkexz_ICD10.csv
Septicaemia,9kMiBXTWkrHhrPXgVYGoPt,Hospital Episode Statistics APC for CPRD GOLD,[],kuan_sepsis_9kMiBXTWkrHhrPXgVYGoPt_ICD10.csv
Chronic viral hepatitis,Ue8m4voQcHGgTrx2sQWfeS,Clinical Practice Research Datalink GOLD; Hospital Episode Statistics APC for CPRD GOLD,kuan_chr_hep_Ue8m4voQcHGgTrx2sQWfeS_Read2.csv,kuan_chr_hep_Ue8m4voQcHGgTrx2sQWfeS_ICD10.csv
Other haemolytic anaemias,6iaKHraVPpnAFrkvTvhSNz,Clinical Practice Research Datalink GOLD; Hospital Episode Statistics APC for CPRD GOLD,kuan_oth_haem_anaemia_6iaKHraVPpnAFrkvTvhSNz_Read2.csv,kuan_oth_haem_anaemia_6iaKHraVPpnAFrkvTvhSNz_ICD10.csv
Respiratory distress of newborn,R4aUkbanyG7bknAk32knr7,Clinical Practice Research Datalink GOLD; Hospital Episode Statistics APC for CPRD GOLD,kuan_RDN_R4aUkbanyG7bknAk32knr7_Read2.csv,kuan_RDN_R4aUkbanyG7bknAk32knr7_ICD10.csv
Dilated cardiomyopathy,7qjVDgFaPZCrL9Pkjrzwjd,Clinical Practice Research Datalink GOLD; Hospital Episode Statistics APC for CPRD GOLD,kuan_dcm_7qjVDgFaPZCrL9Pkjrzwjd_Read2.csv,kuan_dcm_7qjVDgFaPZCrL9Pkjrzwjd_ICD10.csv
Spinal stenosis,YhvFzS8BTigRv4MN3FnVcd,Clinical Practice Research Datalink GOLD; Hospital Episode Statistics APC for CPRD GOLD,kuan_spinal_stenosis_YhvFzS8BTigRv4MN3FnVcd_Read2.csv,kuan_spinal_stenosis_YhvFzS8BTigRv4MN3FnVcd_ICD10.csv
Portal hypertension,g8iQFgfjZBKRBWcyjgtHst,Clinical Practice Research Datalink GOLD; Hospital Episode Statistics APC for CPRD GOLD,kuan_portal_htn_g8iQFgfjZBKRBWcyjgtHst_Read2.csv,kuan_portal_htn_g8iQFgfjZBKRBWcyjgtHst_ICD10.csv
Myelodysplastic syndromes,AYDKE8FPddcymgoYArhuUx,Clinical Practice Research Datalink GOLD; Hospital Episode Statistics APC for CPRD GOLD,kuan_MDS_AYDKE8FPddcymgoYArhuUx_Read2.csv,kuan_MDS_AYDKE8FPddcymgoYArhuUx_ICD10.csv
Spondylolisthesis,NV7at9jhjbVvqGEMaoQdmp,Clinical Practice Research Datalink GOLD; Hospital Episode Statistics APC for CPRD GOLD,kuan_spondylolisthesis_NV7at9jhjbVvqGEMaoQdmp_Read2.csv,kuan_spondylolisthesis_NV7at9jhjbVvqGEMaoQdmp_ICD10.csv
Left bundle branch block,NzHFqJLxSw3A8oVebtDpez,Clinical Practice Research Datalink GOLD; Hospital Episode Statistics APC for CPRD GOLD,kuan_LBBB_NzHFqJLxSw3A8oVebtDpez_Read2.csv,kuan_LBBB_NzHFqJLxSw3A8oVebtDpez_ICD10.csv
Retinal detachments and breaks,L6j8D8roPto75aTPDALFcE,Clinical Practice Research Datalink GOLD; Hospital Episode Statistics APC for CPRD GOLD,kuan_retinal_detach_L6j8D8roPto75aTPDALFcE_Read2.csv,kuan_retinal_detach_L6j8D8roPto75aTPDALFcE_ICD10.csv; kuan_retinal_detach_L6j8D8roPto75aTPDALFcE_OPCS4.csv
Down's syndrome,eJfgxZ6gX5nEXWCoXzQ3KK,Clinical Practice Research Datalink GOLD; Hospital Episode Statistics APC for CPRD GOLD,kuan_downs_eJfgxZ6gX5nEXWCoXzQ3KK_Read2.csv,kuan_downs_eJfgxZ6gX5nEXWCoXzQ3KK_ICD10.csv
Cataract,YfnhFx9TGYNQZHbcrYXvvQ,Clinical Practice Research Datalink GOLD; Hospital Episode Statistics APC for CPRD GOLD,kuan_cataract_YfnhFx9TGYNQZHbcrYXvvQ_Read2.csv,kuan_cataract_YfnhFx9TGYNQZHbcrYXvvQ_ICD10.csv; kuan_cataract_YfnhFx9TGYNQZHbcrYXvvQ_OPCS4.csv
Obsessive-compulsive disorder,6E56tRTeBtYVcebZXGCxcw,Clinical Practice Research Datalink GOLD; Hospital Episode Statistics APC for CPRD GOLD,kuan_ocd_6E56tRTeBtYVcebZXGCxcw_Read2.csv,kuan_ocd_6E56tRTeBtYVcebZXGCxcw_ICD10.csv
Secondary Malignancy_Bone,FhThhcsart7RXBaX6A5t2k,Clinical Practice Research Datalink GOLD; Hospital Episode Statistics APC for CPRD GOLD,kuan_sec_bone_FhThhcsart7RXBaX6A5t2k_Read2.csv,kuan_sec_bone_FhThhcsart7RXBaX6A5t2k_ICD10.csv
Primary Malignancy_Other Organs,5oEhmm6bfGj5TwvQWpso7s,Clinical Practice Research Datalink GOLD; Hospital Episode Statistics APC for CPRD GOLD,kuan_pri_other_5oEhmm6bfGj5TwvQWpso7s_Read2.csv,kuan_pri_other_5oEhmm6bfGj5TwvQWpso7s_ICD10.csv
Primary Malignancy_Kidney and Ureter,W5Cc5G9hZUeKusUSNYPhF4,Clinical Practice Research Datalink GOLD; Hospital Episode Statistics APC for CPRD GOLD,kuan_pri_kidney_W5Cc5G9hZUeKusUSNYPhF4_Read2.csv,kuan_pri_kidney_W5Cc5G9hZUeKusUSNYPhF4_ICD10.csv
Postinfective and reactive arthropathies,TkS6YuotdCr3su6z3Mh5Hw,Clinical Practice Research Datalink GOLD; Hospital Episode Statistics APC for CPRD GOLD,kuan_reactive_TkS6YuotdCr3su6z3Mh5Hw_Read2.csv,kuan_reactive_TkS6YuotdCr3su6z3Mh5Hw_ICD10.csv
High birth weight,LWhG3dXxEAEiBmP9PpEipV,Clinical Practice Research Datalink GOLD; Hospital Episode Statistics APC for CPRD GOLD,kuan_HBW_LWhG3dXxEAEiBmP9PpEipV_Read2.csv,kuan_HBW_LWhG3dXxEAEiBmP9PpEipV_ICD10.csv
Fatty Liver,maAhaLUeMoRmFcis7GoRGS,Clinical Practice Research Datalink GOLD; Hospital Episode Statistics APC for CPRD GOLD,kuan_fatty_liver_maAhaLUeMoRmFcis7GoRGS_Read2.csv,kuan_fatty_liver_maAhaLUeMoRmFcis7GoRGS_ICD10.csv
Supraventricular tachycardia,YKhzwDUrkdfEzDvnjm9vgE,Clinical Practice Research Datalink GOLD; Hospital Episode Statistics APC for CPRD GOLD,kuan_SVT_YKhzwDUrkdfEzDvnjm9vgE_Read2.csv,kuan_SVT_YKhzwDUrkdfEzDvnjm9vgE_ICD10.csv
Cerebral Palsy,LoWH6jeE99hfyV6WWXwa8j,Clinical Practice Research Datalink GOLD; Hospital Episode Statistics APC for CPRD GOLD,kuan_cerebral_palsy_LoWH6jeE99hfyV6WWXwa8j_Read2.csv,kuan_cerebral_palsy_LoWH6jeE99hfyV6WWXwa8j_ICD10.csv
Gastro-oesophageal reflux disease,UGcHHBqWYpvDsdwpN2fUPv,Clinical Practice Research Datalink GOLD; Hospital Episode Statistics APC for CPRD GOLD,kuan_GORD_UGcHHBqWYpvDsdwpN2fUPv_Read2.csv,kuan_GORD_UGcHHBqWYpvDsdwpN2fUPv_ICD10.csv; kuan_GORD_UGcHHBqWYpvDsdwpN2fUPv_OPCS4.csv
Infection of bones and joints,NRmXHxhHmYizFTm6huuaqv,Hospital Episode Statistics APC for CPRD GOLD,[],kuan_bone_NRmXHxhHmYizFTm6huuaqv_ICD10.csv
Peripheral arterial disease,44JczFFvdPMNiwQNrtmijX,Clinical Practice Research Datalink GOLD; Hospital Episode Statistics APC for CPRD GOLD,kuan_peripheral_arterial_disease_44JczFFvdPMNiwQNrtmijX_Read2.csv,kuan_peripheral_arterial_disease_44JczFFvdPMNiwQNrtmijX_ICD10.csv; kuan_peripheral_arterial_disease_44JczFFvdPMNiwQNrtmijX_OPCS4.csv
Bipolar affective disorder and mania,3mzXCCZrugWeNywT4eE75N,Clinical Practice Research Datalink GOLD; Hospital Episode Statistics APC for CPRD GOLD,kuan_BAD_3mzXCCZrugWeNywT4eE75N_Read2.csv,kuan_BAD_3mzXCCZrugWeNywT4eE75N_ICD10.csv
Other psychoactive substance misuse,6k6xkuwJkn9nYcAfsZSwyp,Clinical Practice Research Datalink GOLD; Hospital Episode Statistics APC for CPRD GOLD,kuan_substance_misuse_6k6xkuwJkn9nYcAfsZSwyp_Read2.csv,kuan_substance_misuse_6k6xkuwJkn9nYcAfsZSwyp_ICD10.csv
Primary Malignancy_Testicular,TvfnwMvxW5Fpf6nAsm7Kq3,Clinical Practice Research Datalink GOLD; Hospital Episode Statistics APC for CPRD GOLD,kuan_pri_testis_TvfnwMvxW5Fpf6nAsm7Kq3_Read2.csv,kuan_pri_testis_TvfnwMvxW5Fpf6nAsm7Kq3_ICD10.csv
Atrial fibrillation,7LD6QMWnjm3TRHykwMpQ6h,Clinical Practice Research Datalink GOLD; Hospital Episode Statistics APC for CPRD GOLD,kuan_AF_7LD6QMWnjm3TRHykwMpQ6h_Read2.csv,kuan_AF_7LD6QMWnjm3TRHykwMpQ6h_ICD10.csv
Acne,3tJXPBK43iqTqheoEebq7i,Clinical Practice Research Datalink GOLD; Hospital Episode Statistics APC for CPRD GOLD,kuan_acne_3tJXPBK43iqTqheoEebq7i_Read2.csv,kuan_acne_3tJXPBK43iqTqheoEebq7i_ICD10.csv
White Blood Cells,m9LJwQVE3LVudvQ5bCu6MZ,Clinical Practice Research Datalink GOLD,shah_white_blood_cells_m9LJwQVE3LVudvQ5bCu6MZ_Read2.csv,[]
Primary Malignancy_Malignant Melanoma,WxanZjRixf3bNtAUg4SnZC,Clinical Practice Research Datalink GOLD; Hospital Episode Statistics APC for CPRD GOLD,kuan_pri_melanoma_WxanZjRixf3bNtAUg4SnZC_Read2.csv,kuan_pri_melanoma_WxanZjRixf3bNtAUg4SnZC_ICD10.csv
Juvenile arthritis,m9XPD8sWNiMMLKbKUysXK9,Clinical Practice Research Datalink GOLD; Hospital Episode Statistics APC for CPRD GOLD,kuan_juv_arth_m9XPD8sWNiMMLKbKUysXK9_Read2.csv,kuan_juv_arth_m9XPD8sWNiMMLKbKUysXK9_ICD10.csv
Infections of the Heart,NfRqmCJ5kt44FfgrbMK3eC,Hospital Episode Statistics APC for CPRD GOLD,[],kuan_heart_NfRqmCJ5kt44FfgrbMK3eC_ICD10.csv
Ulcerative colitis,kmM3cSNoeiE3mAPccxjiqr,Clinical Practice Research Datalink GOLD; Hospital Episode Statistics APC for CPRD GOLD,kuan_ulc_colitis_kmM3cSNoeiE3mAPccxjiqr_Read2.csv,kuan_ulc_colitis_kmM3cSNoeiE3mAPccxjiqr_ICD10.csv
Monoclonal gammopathy of undetermined significance (MGUS),DsdMauquZcQ6bsRKDuwRKj,Clinical Practice Research Datalink GOLD; Hospital Episode Statistics APC for CPRD GOLD,kuan_MGUS_DsdMauquZcQ6bsRKDuwRKj_Read2.csv,kuan_MGUS_DsdMauquZcQ6bsRKDuwRKj_ICD10.csv
Parasitic infections,hsJvYqYbf2N7VwESGBcVND,Hospital Episode Statistics APC for CPRD GOLD,[],kuan_parasitic_hsJvYqYbf2N7VwESGBcVND_ICD10.csv
Sickle-cell anaemia,BoyuDsY7sCnGANEAFw9ffb,Clinical Practice Research Datalink GOLD; Hospital Episode Statistics APC for CPRD GOLD,kuan_sickle_cell_BoyuDsY7sCnGANEAFw9ffb_Read2.csv,kuan_sickle_cell_BoyuDsY7sCnGANEAFw9ffb_ICD10.csv
Ankylosing spondylitis,M52WcZ3izzZtQD7PswhEB5,Clinical Practice Research Datalink GOLD; Hospital Episode Statistics APC for CPRD GOLD,kuan_ank_spond_M52WcZ3izzZtQD7PswhEB5_Read2.csv,kuan_ank_spond_M52WcZ3izzZtQD7PswhEB5_ICD10.csv
Coronary heart disease not otherwise specified,U66rc5otdDeJcbDZi2hj8K,Clinical Practice Research Datalink GOLD; Hospital Episode Statistics APC for CPRD GOLD,kuan_CHD_NOS_U66rc5otdDeJcbDZi2hj8K_Read2.csv,kuan_CHD_NOS_U66rc5otdDeJcbDZi2hj8K_ICD10.csv
Hydrocoele (incl infected),XNwEwRETWNqzgLPFuYLXh6,Clinical Practice Research Datalink GOLD; Hospital Episode Statistics APC for CPRD GOLD,kuan_hydrocele_XNwEwRETWNqzgLPFuYLXh6_Read2.csv,kuan_hydrocele_XNwEwRETWNqzgLPFuYLXh6_ICD10.csv
Asbestosis,aKBkTvknVPpHysgFT2wjGs,Clinical Practice Research Datalink GOLD; Hospital Episode Statistics APC for CPRD GOLD,kuan_asbestosis_aKBkTvknVPpHysgFT2wjGs_Read2.csv,kuan_asbestosis_aKBkTvknVPpHysgFT2wjGs_ICD10.csv
Osteoarthritis (excl spine),MYMaZGRSrw7cghWD4di64E,Clinical Practice Research Datalink GOLD; Hospital Episode Statistics APC for CPRD GOLD,kuan_OA_MYMaZGRSrw7cghWD4di64E_Read2.csv,kuan_OA_MYMaZGRSrw7cghWD4di64E_ICD10.csv
Peripheral neuropathies (excluding cranial nerve and carpal tunnel syndromes),ezrsSL9RyypAFK67puLN56,Clinical Practice Research Datalink GOLD; Hospital Episode Statistics APC for CPRD GOLD,kuan_periph_neuro_ezrsSL9RyypAFK67puLN56_Read2.csv,kuan_periph_neuro_ezrsSL9RyypAFK67puLN56_ICD10.csv
Angiodysplasia of colon,RSXYXN6U8DbDFnT8ctSbmP,Clinical Practice Research Datalink GOLD; Hospital Episode Statistics APC for CPRD GOLD,kuan_angiodysplasia_colon_RSXYXN6U8DbDFnT8ctSbmP_Read2.csv,kuan_angiodysplasia_colon_RSXYXN6U8DbDFnT8ctSbmP_ICD10.csv
Primary pulmonary hypertension,LxkwE9SRvZuQspvnwo84E6,Clinical Practice Research Datalink GOLD; Hospital Episode Statistics APC for CPRD GOLD,kuan_prim_pulm_htn_LxkwE9SRvZuQspvnwo84E6_Read2.csv,kuan_prim_pulm_htn_LxkwE9SRvZuQspvnwo84E6_ICD10.csv
Obstructive and reflux uropathy,LpQMvKGmacacE2W5zsXoTG,Clinical Practice Research Datalink GOLD; Hospital Episode Statistics APC for CPRD GOLD,kuan_obstr_reflux_LpQMvKGmacacE2W5zsXoTG_Read2.csv,kuan_obstr_reflux_LpQMvKGmacacE2W5zsXoTG_ICD10.csv
Collapsed vertebra,KvtQuNGwZb74sJz5dENotc,Clinical Practice Research Datalink GOLD; Hospital Episode Statistics APC for CPRD GOLD,kuan_collapsed_vert_KvtQuNGwZb74sJz5dENotc_Read2.csv,kuan_collapsed_vert_KvtQuNGwZb74sJz5dENotc_ICD10.csv; kuan_collapsed_vert_KvtQuNGwZb74sJz5dENotc_OPCS4.csv
Primary Malignancy_Oro-pharyngeal,Yf7weJABXCmh9AHRkGE8oA,Clinical Practice Research Datalink GOLD; Hospital Episode Statistics APC for CPRD GOLD,kuan_pri_oroph_Yf7weJABXCmh9AHRkGE8oA_Read2.csv,kuan_pri_oroph_Yf7weJABXCmh9AHRkGE8oA_ICD10.csv
Benign neoplasm of stomach and duodenum,S4SfTTFKq2DW4xfK2ZdjzA,Clinical Practice Research Datalink GOLD; Hospital Episode Statistics APC for CPRD GOLD,kuan_benign_stomach_S4SfTTFKq2DW4xfK2ZdjzA_Read2.csv,kuan_benign_stomach_S4SfTTFKq2DW4xfK2ZdjzA_ICD10.csv
Alcohol Consumption,7aXDiYMtSR6aYEkZKPBdvm,,[],[]
Eosinophils,PHE00322,Clinical Practice Research Datalink GOLD,shah_white_blood_cells_m9LJwQVE3LVudvQ5bCu6MZ_Read2.csv,[]
Cholecystitis,ZrmfqHcwmbboMiRCGSZ6ph,Clinical Practice Research Datalink GOLD; Hospital Episode Statistics APC for CPRD GOLD,kuan_cholecystitis_ZrmfqHcwmbboMiRCGSZ6ph_Read2.csv,kuan_cholecystitis_ZrmfqHcwmbboMiRCGSZ6ph_ICD10.csv
Hypertension,inuKppLKH7QtFXFaq8qjaA,Clinical Practice Research Datalink GOLD; Hospital Episode Statistics APC for CPRD GOLD,kuan_hypertension_inuKppLKH7QtFXFaq8qjaA_Read2.csv,kuan_hypertension_inuKppLKH7QtFXFaq8qjaA_ICD10.csv
Primary Malignancy_Mesothelioma,LXgfieFkyhgDuovn87QDeQ,Clinical Practice Research Datalink GOLD; Hospital Episode Statistics APC for CPRD GOLD,kuan_pri_mesothelioma_LXgfieFkyhgDuovn87QDeQ_Read2.csv,kuan_pri_mesothelioma_LXgfieFkyhgDuovn87QDeQ_ICD10.csv
Hypertrophic Cardiomyopathy,HcTtcgqz2cuoAh5Kgmdyg9,Clinical Practice Research Datalink GOLD; Hospital Episode Statistics APC for CPRD GOLD,kuan_hocm_HcTtcgqz2cuoAh5Kgmdyg9_Read2.csv,kuan_hocm_HcTtcgqz2cuoAh5Kgmdyg9_ICD10.csv
Slow fetal growth or low birth weight,LtQ3z9qkt2rZodR7xiM3fT,Clinical Practice Research Datalink GOLD; Hospital Episode Statistics APC for CPRD GOLD,kuan_LBW_LtQ3z9qkt2rZodR7xiM3fT_Read2.csv,kuan_LBW_LtQ3z9qkt2rZodR7xiM3fT_ICD10.csv
Diabetes,bYMFsBEu7tVB6YkrQ8aBvk,Clinical Practice Research Datalink GOLD; Hospital Episode Statistics APC for CPRD GOLD,kuan_diabetes_bYMFsBEu7tVB6YkrQ8aBvk_Read2.csv,kuan_diabetes_bYMFsBEu7tVB6YkrQ8aBvk_ICD10.csv
Undescended testicle,GoD9uJHQoeNWNyezo5EXYz,Clinical Practice Research Datalink GOLD; Hospital Episode Statistics APC for CPRD GOLD,kuan_undescended_testis_GoD9uJHQoeNWNyezo5EXYz_Read2.csv,kuan_undescended_testis_GoD9uJHQoeNWNyezo5EXYz_ICD10.csv
Meniere disease,HnXiMASGc6kNpvqY2DjqaE,Clinical Practice Research Datalink GOLD; Hospital Episode Statistics APC for CPRD GOLD,kuan_meniere_HnXiMASGc6kNpvqY2DjqaE_Read2.csv,kuan_meniere_HnXiMASGc6kNpvqY2DjqaE_ICD10.csv
Fracture of hip,DPFPjLGauPSRA23siby2Ym,Clinical Practice Research Datalink GOLD; Hospital Episode Statistics APC for CPRD GOLD,kuan_fracture_hip_DPFPjLGauPSRA23siby2Ym_Read2.csv,kuan_fracture_hip_DPFPjLGauPSRA23siby2Ym_ICD10.csv; kuan_fracture_hip_DPFPjLGauPSRA23siby2Ym_OPCS4.csv
Diabetic ophthalmic complications,gKfGM8qSdKpABsxux6teD3,Clinical Practice Research Datalink GOLD; Hospital Episode Statistics APC for CPRD GOLD,kuan_diab_eye_gKfGM8qSdKpABsxux6teD3_Read2.csv,kuan_diab_eye_gKfGM8qSdKpABsxux6teD3_ICD10.csv
Tryglicerides,dVq7JhU5RRLoSk8Na3amwn,Clinical Practice Research Datalink GOLD,shah_triglycerides_plasma_dVq7JhU5RRLoSk8Na3amwn_Read2.csv; shah_triglycerides_serum_dVq7JhU5RRLoSk8Na3amwn_Read2.csv,[]
Oesophagitis and oesophageal ulcer,d8ZYipwzzber6k9WFfwnvT,Clinical Practice Research Datalink GOLD; Hospital Episode Statistics APC for CPRD GOLD,kuan_oesoph_ulc_d8ZYipwzzber6k9WFfwnvT_Read2.csv,kuan_oesoph_ulc_d8ZYipwzzber6k9WFfwnvT_ICD10.csv
Blood Pressure,FUzVABgwNAexCTqwZHPChw,Clinical Practice Research Datalink GOLD,rapsomaniki_blood_pressure_FUzVABgwNAexCTqwZHPChw_Read2.csv,[]
Psoriatic arthropathy,kKLsGFTKvcFCbGutKiwfBS,Clinical Practice Research Datalink GOLD; Hospital Episode Statistics APC for CPRD GOLD,kuan_PSA_kKLsGFTKvcFCbGutKiwfBS_Read2.csv,kuan_PSA_kKLsGFTKvcFCbGutKiwfBS_ICD10.csv
Motor neuron disease,VjkMbeNcLjgWMfxKdFuTT8,Clinical Practice Research Datalink GOLD; Hospital Episode Statistics APC for CPRD GOLD,kuan_MND_VjkMbeNcLjgWMfxKdFuTT8_Read2.csv,kuan_MND_VjkMbeNcLjgWMfxKdFuTT8_ICD10.csv
Menorrhagia and polymenorrhoea,5Gg3Vvf9jQGzE7KXzWE577,Clinical Practice Research Datalink GOLD; Hospital Episode Statistics APC for CPRD GOLD,kuan_menorrhagia_5Gg3Vvf9jQGzE7KXzWE577_Read2.csv,kuan_menorrhagia_5Gg3Vvf9jQGzE7KXzWE577_ICD10.csv
Epilepsy,Wg2UM5mf2UnhQ57yA44GZL,Clinical Practice Research Datalink GOLD; Hospital Episode Statistics APC for CPRD GOLD,kuan_epilepsy_Wg2UM5mf2UnhQ57yA44GZL_Read2.csv,kuan_epilepsy_Wg2UM5mf2UnhQ57yA44GZL_ICD10.csv
Secondary Malignancy_Other organs,DCDEYHfps3kCT6QfRGVNsx,Clinical Practice Research Datalink GOLD; Hospital Episode Statistics APC for CPRD GOLD,kuan_sec_other_DCDEYHfps3kCT6QfRGVNsx_Read2.csv,kuan_sec_other_DCDEYHfps3kCT6QfRGVNsx_ICD10.csv
Dermatitis (atopc/contact/other/unspecified),C5pW4JMnJFGGY87R2ZPxBv,Clinical Practice Research Datalink GOLD; Hospital Episode Statistics APC for CPRD GOLD,kuan_dermatitis_C5pW4JMnJFGGY87R2ZPxBv_Read2.csv,kuan_dermatitis_C5pW4JMnJFGGY87R2ZPxBv_ICD10.csv
Hearing loss,KiGT2GxSNkwPD8RPF6ZPne,Hospital Episode Statistics Admitted Patient Care,cardoso_hearing_loss_KiGT2GxSNkwPD8RPF6ZPne_Read2.csv,cardoso_hearing_loss_KiGT2GxSNkwPD8RPF6ZPne_ICD10.csv
Systemic sclerosis,LcPUDgrAm6fmc3hzbA8UkB,Clinical Practice Research Datalink GOLD; Hospital Episode Statistics APC for CPRD GOLD,kuan_sys_sclerosis_LcPUDgrAm6fmc3hzbA8UkB_Read2.csv,kuan_sys_sclerosis_LcPUDgrAm6fmc3hzbA8UkB_ICD10.csv
Postcoital and contact bleeding,HQLDmTH7NHmWuQvvnfHqmy,Clinical Practice Research Datalink GOLD; Hospital Episode Statistics APC for CPRD GOLD,kuan_PCB_HQLDmTH7NHmWuQvvnfHqmy_Read2.csv,kuan_PCB_HQLDmTH7NHmWuQvvnfHqmy_ICD10.csv
Intellectual disability,nMjhav5BGsXc8owNRqqAEs,Clinical Practice Research Datalink GOLD; Hospital Episode Statistics APC for CPRD GOLD,kuan_intell_dz_nMjhav5BGsXc8owNRqqAEs_Read2.csv,kuan_intell_dz_nMjhav5BGsXc8owNRqqAEs_ICD10.csv
Dementia,JxyxCgdMoQd58igUNbZATR,Clinical Practice Research Datalink GOLD; Hospital Episode Statistics APC for CPRD GOLD,kuan_dementia_JxyxCgdMoQd58igUNbZATR_Read2.csv,kuan_dementia_JxyxCgdMoQd58igUNbZATR_ICD10.csv
Low HDL-C,F9GHTkv8G5SjpBuBjcDMfo,,[],[]
Benign neoplasm of brain and other parts of central nervous system,Rgxuajnx9VBxwvcb5ET47Z,Clinical Practice Research Datalink GOLD; Hospital Episode Statistics APC for CPRD GOLD,kuan_benign_brain_Rgxuajnx9VBxwvcb5ET47Z_Read2.csv,kuan_benign_brain_Rgxuajnx9VBxwvcb5ET47Z_ICD10.csv
"Haemangioma, any site",nP7HpnvDvriTxZrwvJakYw,Clinical Practice Research Datalink GOLD; Hospital Episode Statistics APC for CPRD GOLD,kuan_haemangioma_nP7HpnvDvriTxZrwvJakYw_Read2.csv,kuan_haemangioma_nP7HpnvDvriTxZrwvJakYw_ICD10.csv
Chronic Kidney Disease,g6TjPwLiMqVwz7YtFMa8eQ,,[],[]
"Secondary Malignancy_Brain, Other CNS and Intracranial",7E8wg49zQwegfBuN6BMHxq,Clinical Practice Research Datalink GOLD; Hospital Episode Statistics APC for CPRD GOLD,kuan_sec_brain_7E8wg49zQwegfBuN6BMHxq_Read2.csv,kuan_sec_brain_7E8wg49zQwegfBuN6BMHxq_ICD10.csv
Benign neoplasm and polyp of uterus,4Juk5rUDGhFs5FBTkLN4wU,Clinical Practice Research Datalink GOLD; Hospital Episode Statistics APC for CPRD GOLD,kuan_benign_uterus_4Juk5rUDGhFs5FBTkLN4wU_Read2.csv,kuan_benign_uterus_4Juk5rUDGhFs5FBTkLN4wU_ICD10.csv
Trifascicular block,9Fo6p7PhiAo5LgmDGaW2aK,Clinical Practice Research Datalink GOLD; Hospital Episode Statistics APC for CPRD GOLD,kuan_trifasc_block_9Fo6p7PhiAo5LgmDGaW2aK_Read2.csv,kuan_trifasc_block_9Fo6p7PhiAo5LgmDGaW2aK_ICD10.csv
Transient ischaemic attack,XxLUtcnthXos59d3fTn9Fy,Clinical Practice Research Datalink GOLD; Hospital Episode Statistics APC for CPRD GOLD,kuan_TIA_XxLUtcnthXos59d3fTn9Fy_Read2.csv,kuan_TIA_XxLUtcnthXos59d3fTn9Fy_ICD10.csv
Trigeminal neuralgia,QE89cQt4zYGDbRNQ7VoxUM,Clinical Practice Research Datalink GOLD; Hospital Episode Statistics APC for CPRD GOLD,kuan_trigem_neur_QE89cQt4zYGDbRNQ7VoxUM_Read2.csv,kuan_trigem_neur_QE89cQt4zYGDbRNQ7VoxUM_ICD10.csv
Dysmenorrhoea,Ypx3HMzkeY6ye8h7fura54,Clinical Practice Research Datalink GOLD; Hospital Episode Statistics APC for CPRD GOLD,kuan_dysmenorrhoea_Ypx3HMzkeY6ye8h7fura54_Read2.csv,kuan_dysmenorrhoea_Ypx3HMzkeY6ye8h7fura54_ICD10.csv
Cholelithiasis,3wyLRCS4K4nQFmsfXfi5em,Clinical Practice Research Datalink GOLD; Hospital Episode Statistics APC for CPRD GOLD,kuan_cholelithiasis_3wyLRCS4K4nQFmsfXfi5em_Read2.csv,kuan_cholelithiasis_3wyLRCS4K4nQFmsfXfi5em_ICD10.csv
Pilonidal cyst/sinus,QETrH6TzYVaiJ2bBYwp6bs,Clinical Practice Research Datalink GOLD; Hospital Episode Statistics APC for CPRD GOLD,kuan_pilonidal_QETrH6TzYVaiJ2bBYwp6bs_Read2.csv,kuan_pilonidal_QETrH6TzYVaiJ2bBYwp6bs_ICD10.csv; kuan_pilonidal_QETrH6TzYVaiJ2bBYwp6bs_OPCS4.csv
Anal fissure,AyYY3Bpc5hEChq69PMdSiU,Clinical Practice Research Datalink GOLD; Hospital Episode Statistics APC for CPRD GOLD,kuan_anal_fissure_AyYY3Bpc5hEChq69PMdSiU_Read2.csv,kuan_anal_fissure_AyYY3Bpc5hEChq69PMdSiU_ICD10.csv; kuan_anal_fissure_AyYY3Bpc5hEChq69PMdSiU_OPCS4.csv
Secondary Malignancy_Adrenal gland,mWcHQYsc5LoAtRFwxmWBB9,Clinical Practice Research Datalink GOLD; Hospital Episode Statistics APC for CPRD GOLD,kuan_sec_adrenal_mWcHQYsc5LoAtRFwxmWBB9_Read2.csv,kuan_sec_adrenal_mWcHQYsc5LoAtRFwxmWBB9_ICD10.csv
Tubulo-interstitial nephritis,cof9bpW5rsfqsRv2QKTcyR,Clinical Practice Research Datalink GOLD; Hospital Episode Statistics APC for CPRD GOLD,kuan_TIN_cof9bpW5rsfqsRv2QKTcyR_Read2.csv,kuan_TIN_cof9bpW5rsfqsRv2QKTcyR_ICD10.csv
Hyposplenism,PeJdbuHzpPPWaiEnXdoekZ,Clinical Practice Research Datalink GOLD; Hospital Episode Statistics APC for CPRD GOLD,kuan_hyposplenism_PeJdbuHzpPPWaiEnXdoekZ_Read2.csv,kuan_hyposplenism_PeJdbuHzpPPWaiEnXdoekZ_ICD10.csv
Subdural haematoma - nontraumatic,KgmoHwc6cnDpiVAdXRCLTm,Clinical Practice Research Datalink GOLD; Hospital Episode Statistics APC for CPRD GOLD,kuan_subdural_haem_KgmoHwc6cnDpiVAdXRCLTm_Read2.csv,kuan_subdural_haem_KgmoHwc6cnDpiVAdXRCLTm_ICD10.csv
Intervertebral disc disorders,Q5wvqUfppG6HXq6mJed5iR,Clinical Practice Research Datalink GOLD; Hospital Episode Statistics APC for CPRD GOLD,kuan_intervert_disc_Q5wvqUfppG6HXq6mJed5iR_Read2.csv,kuan_intervert_disc_Q5wvqUfppG6HXq6mJed5iR_ICD10.csv; kuan_intervert_disc_Q5wvqUfppG6HXq6mJed5iR_OPCS4.csv
Endometriosis,2EgSY3AQ93SdxxaKC4jLWF,Clinical Practice Research Datalink GOLD; Hospital Episode Statistics APC for CPRD GOLD,kuan_endometriosis_2EgSY3AQ93SdxxaKC4jLWF_Read2.csv,kuan_endometriosis_2EgSY3AQ93SdxxaKC4jLWF_ICD10.csv
Right bundle branch block,8cCG64eH9xaY4AzpdgSs79,Clinical Practice Research Datalink GOLD; Hospital Episode Statistics APC for CPRD GOLD,kuan_RBBB_8cCG64eH9xaY4AzpdgSs79_Read2.csv,kuan_RBBB_8cCG64eH9xaY4AzpdgSs79_ICD10.csv
Bacterial sepsis of newborn,HKfjh9B2YgfezrE5NZEqr8,Clinical Practice Research Datalink GOLD; Hospital Episode Statistics APC for CPRD GOLD,kuan_sepsis_newborn_HKfjh9B2YgfezrE5NZEqr8_Read2.csv,kuan_sepsis_newborn_HKfjh9B2YgfezrE5NZEqr8_ICD10.csv
Abdominal aortic aneurysm,NJ2gf6ZTTxjayMcK5ksHXf,Clinical Practice Research Datalink GOLD; Hospital Episode Statistics APC for CPRD GOLD,kuan_AAA_NJ2gf6ZTTxjayMcK5ksHXf_Read2.csv,kuan_AAA_NJ2gf6ZTTxjayMcK5ksHXf_ICD10.csv
Polycythaemia vera,YNpoTpwazbBciG88G7i2dP,Clinical Practice Research Datalink GOLD; Hospital Episode Statistics APC for CPRD GOLD,kuan_PCV_YNpoTpwazbBciG88G7i2dP_Read2.csv,kuan_PCV_YNpoTpwazbBciG88G7i2dP_ICD10.csv
Lower Respiratory Tract Infections,RDDq59RszJqvLPTmK5vECd,Hospital Episode Statistics APC for CPRD GOLD,[],kuan_lrti_RDDq59RszJqvLPTmK5vECd_ICD10.csv
